sample_id,image_path,source_dataset,beam_image_type_proxy,beam_quality_label,alignment_state_label,severity_label,giga_rank_proxy,center_status,size_status,symmetry_status,uniformity_status,contm_proxy_status,notes
sample_0001,images/beamage_Friday_February_07_2025_15_35_11.png,laser_resonator_subset_v1,UNKNOWN,UNKNOWN,UNKNOWN,UNKNOWN,UNKNOWN,UNKNOWN,UNKNOWN,UNKNOWN,UNKNOWN,UNKNOWN,
sample_0002,images/beamage_Friday_February_07_2025_15_36_07.png,laser_resonator_subset_v1,UNKNOWN,UNKNOWN,UNKNOWN,UNKNOWN,UNKNOWN,UNKNOWN,UNKNOWN,UNKNOWN,UNKNOWN,UNKNOWN,
sample_0003,images/beamage_Friday_February_07_2025_15_37_03.png,laser_resonator_subset_v1,UNKNOWN,UNKNOWN,UNKNOWN,UNKNOWN,UNKNOWN,UNKNOWN,UNKNOWN,UNKNOWN,UNKNOWN,UNKNOWN,
sample_0004,images/beamage_Friday_February_07_2025_15_38_30.png,laser_resonator_subset_v1,UNKNOWN,UNKNOWN,UNKNOWN,UNKNOWN,UNKNOWN,UNKNOWN,UNKNOWN,UNKNOWN,UNKNOWN,UNKNOWN,
sample_0005,images/beamage_Friday_February_07_2025_15_39_25.png,laser_resonator_subset_v1,UNKNOWN,UNKNOWN,UNKNOWN,UNKNOWN,UNKNOWN,UNKNOWN,UNKNOWN,UNKNOWN,UNKNOWN,UNKNOWN,
sample_0006,images/beamage_Friday_February_07_2025_15_40_21.png,laser_resonator_subset_v1,UNKNOWN,UNKNOWN,UNKNOWN,UNKNOWN,UNKNOWN,UNKNOWN,UNKNOWN,UNKNOWN,UNKNOWN,UNKNOWN,
sample_0007,images/beamage_Friday_February_07_2025_15_41_48.png,laser_resonator_subset_v1,UNKNOWN,UNKNOWN,UNKNOWN,UNKNOWN,UNKNOWN,UNKNOWN,UNKNOWN,UNKNOWN,UNKNOWN,UNKNOWN,
sample_0008,images/beamage_Friday_February_07_2025_15_42_44.png,laser_resonator_subset_v1,UNKNOWN,UNKNOWN,UNKNOWN,UNKNOWN,UNKNOWN,UNKNOWN,UNKNOWN,UNKNOWN,UNKNOWN,UNKNOWN,
sample_0009,images/beamage_Friday_February_07_2025_15_43_40.png,laser_resonator_subset_v1,UNKNOWN,UNKNOWN,UNKNOWN,UNKNOWN,UNKNOWN,UNKNOWN,UNKNOWN,UNKNOWN,UNKNOWN,UNKNOWN,
sample_0010,images/beamage_Friday_February_07_2025_15_45_07.png,laser_resonator_subset_v1,UNKNOWN,UNKNOWN,UNKNOWN,UNKNOWN,UNKNOWN,UNKNOWN,UNKNOWN,UNKNOWN,UNKNOWN,UNKNOWN,
sample_0011,images/beamage_Friday_February_07_2025_15_46_03.png,laser_resonator_subset_v1,UNKNOWN,UNKNOWN,UNKNOWN,UNKNOWN,UNKNOWN,UNKNOWN,UNKNOWN,UNKNOWN,UNKNOWN,UNKNOWN,
sample_0012,images/beamage_Friday_February_07_2025_15_46_59.png,laser_resonator_subset_v1,UNKNOWN,UNKNOWN,UNKNOWN,UNKNOWN,UNKNOWN,UNKNOWN,UNKNOWN,UNKNOWN,UNKNOWN,UNKNOWN,
sample_0013,images/beamage_Friday_February_07_2025_15_48_26.png,laser_resonator_subset_v1,UNKNOWN,UNKNOWN,UNKNOWN,UNKNOWN,UNKNOWN,UNKNOWN,UNKNOWN,UNKNOWN,UNKNOWN,UNKNOWN,
sample_0014,images/beamage_Friday_February_07_2025_15_49_22.png,laser_resonator_subset_v1,UNKNOWN,UNKNOWN,UNKNOWN,UNKNOWN,UNKNOWN,UNKNOWN,UNKNOWN,UNKNOWN,UNKNOWN,UNKNOWN,
sample_0015,images/beamage_Friday_February_07_2025_15_50_17.png,laser_resonator_subset_v1,UNKNOWN,UNKNOWN,UNKNOWN,UNKNOWN,UNKNOWN,UNKNOWN,UNKNOWN,UNKNOWN,UNKNOWN,UNKNOWN,
sample_0016,images/beamage_Friday_February_07_2025_15_51_44.png,laser_resonator_subset_v1,UNKNOWN,UNKNOWN,UNKNOWN,UNKNOWN,UNKNOWN,UNKNOWN,UNKNOWN,UNKNOWN,UNKNOWN,UNKNOWN,
sample_0017,images/beamage_Friday_February_07_2025_15_52_40.png,laser_resonator_subset_v1,UNKNOWN,UNKNOWN,UNKNOWN,UNKNOWN,UNKNOWN,UNKNOWN,UNKNOWN,UNKNOWN,UNKNOWN,UNKNOWN,
sample_0018,images/beamage_Friday_February_07_2025_15_53_36.png,laser_resonator_subset_v1,UNKNOWN,UNKNOWN,UNKNOWN,UNKNOWN,UNKNOWN,UNKNOWN,UNKNOWN,UNKNOWN,UNKNOWN,UNKNOWN,
sample_0019,images/beamage_Friday_February_07_2025_15_55_03.png,laser_resonator_subset_v1,UNKNOWN,UNKNOWN,UNKNOWN,UNKNOWN,UNKNOWN,UNKNOWN,UNKNOWN,UNKNOWN,UNKNOWN,UNKNOWN,
sample_0020,images/beamage_Friday_February_07_2025_15_55_59.png,laser_resonator_subset_v1,UNKNOWN,UNKNOWN,UNKNOWN,UNKNOWN,UNKNOWN,UNKNOWN,UNKNOWN,UNKNOWN,UNKNOWN,UNKNOWN,
sample_0021,images/beamage_Friday_February_07_2025_15_56_55.png,laser_resonator_subset_v1,UNKNOWN,UNKNOWN,UNKNOWN,UNKNOWN,UNKNOWN,UNKNOWN,UNKNOWN,UNKNOWN,UNKNOWN,UNKNOWN,
sample_0022,images/beamage_Friday_February_07_2025_15_58_21.png,laser_resonator_subset_v1,UNKNOWN,UNKNOWN,UNKNOWN,UNKNOWN,UNKNOWN,UNKNOWN,UNKNOWN,UNKNOWN,UNKNOWN,UNKNOWN,
sample_0023,images/beamage_Friday_February_07_2025_15_59_17.png,laser_resonator_subset_v1,UNKNOWN,UNKNOWN,UNKNOWN,UNKNOWN,UNKNOWN,UNKNOWN,UNKNOWN,UNKNOWN,UNKNOWN,UNKNOWN,
sample_0024,images/beamage_Friday_February_07_2025_16_00_13.png,laser_resonator_subset_v1,UNKNOWN,UNKNOWN,UNKNOWN,UNKNOWN,UNKNOWN,UNKNOWN,UNKNOWN,UNKNOWN,UNKNOWN,UNKNOWN,
sample_0025,images/beamage_Friday_February_07_2025_16_01_40.png,laser_resonator_subset_v1,UNKNOWN,UNKNOWN,UNKNOWN,UNKNOWN,UNKNOWN,UNKNOWN,UNKNOWN,UNKNOWN,UNKNOWN,UNKNOWN,
sample_0026,images/beamage_Friday_February_07_2025_16_02_36.png,laser_resonator_subset_v1,UNKNOWN,UNKNOWN,UNKNOWN,UNKNOWN,UNKNOWN,UNKNOWN,UNKNOWN,UNKNOWN,UNKNOWN,UNKNOWN,
sample_0027,images/beamage_Friday_February_07_2025_16_03_32.png,laser_resonator_subset_v1,UNKNOWN,UNKNOWN,UNKNOWN,UNKNOWN,UNKNOWN,UNKNOWN,UNKNOWN,UNKNOWN,UNKNOWN,UNKNOWN,
sample_0028,images/beamage_Friday_February_07_2025_16_04_59.png,laser_resonator_subset_v1,UNKNOWN,UNKNOWN,UNKNOWN,UNKNOWN,UNKNOWN,UNKNOWN,UNKNOWN,UNKNOWN,UNKNOWN,UNKNOWN,
sample_0029,images/beamage_Friday_February_07_2025_16_05_55.png,laser_resonator_subset_v1,UNKNOWN,UNKNOWN,UNKNOWN,UNKNOWN,UNKNOWN,UNKNOWN,UNKNOWN,UNKNOWN,UNKNOWN,UNKNOWN,
sample_0030,images/beamage_Friday_February_07_2025_16_06_51.png,laser_resonator_subset_v1,UNKNOWN,UNKNOWN,UNKNOWN,UNKNOWN,UNKNOWN,UNKNOWN,UNKNOWN,UNKNOWN,UNKNOWN,UNKNOWN,
sample_0031,images/beamage_Friday_February_07_2025_16_08_18.png,laser_resonator_subset_v1,UNKNOWN,UNKNOWN,UNKNOWN,UNKNOWN,UNKNOWN,UNKNOWN,UNKNOWN,UNKNOWN,UNKNOWN,UNKNOWN,
sample_0032,images/beamage_Friday_February_07_2025_16_09_14.png,laser_resonator_subset_v1,UNKNOWN,UNKNOWN,UNKNOWN,UNKNOWN,UNKNOWN,UNKNOWN,UNKNOWN,UNKNOWN,UNKNOWN,UNKNOWN,
sample_0033,images/beamage_Friday_February_07_2025_16_10_09.png,laser_resonator_subset_v1,UNKNOWN,UNKNOWN,UNKNOWN,UNKNOWN,UNKNOWN,UNKNOWN,UNKNOWN,UNKNOWN,UNKNOWN,UNKNOWN,
sample_0034,images/beamage_Friday_February_14_2025_14_10_30.png,laser_resonator_subset_v1,UNKNOWN,UNKNOWN,UNKNOWN,UNKNOWN,UNKNOWN,UNKNOWN,UNKNOWN,UNKNOWN,UNKNOWN,UNKNOWN,
sample_0035,images/beamage_Friday_February_14_2025_14_12_06.png,laser_resonator_subset_v1,UNKNOWN,UNKNOWN,UNKNOWN,UNKNOWN,UNKNOWN,UNKNOWN,UNKNOWN,UNKNOWN,UNKNOWN,UNKNOWN,
sample_0036,images/beamage_Friday_February_14_2025_14_13_41.png,laser_resonator_subset_v1,UNKNOWN,UNKNOWN,UNKNOWN,UNKNOWN,UNKNOWN,UNKNOWN,UNKNOWN,UNKNOWN,UNKNOWN,UNKNOWN,
sample_0037,images/beamage_Friday_February_14_2025_14_15_17.png,laser_resonator_subset_v1,UNKNOWN,UNKNOWN,UNKNOWN,UNKNOWN,UNKNOWN,UNKNOWN,UNKNOWN,UNKNOWN,UNKNOWN,UNKNOWN,
sample_0038,images/beamage_Friday_February_14_2025_14_16_52.png,laser_resonator_subset_v1,UNKNOWN,UNKNOWN,UNKNOWN,UNKNOWN,UNKNOWN,UNKNOWN,UNKNOWN,UNKNOWN,UNKNOWN,UNKNOWN,
sample_0039,images/beamage_Friday_February_14_2025_14_18_28.png,laser_resonator_subset_v1,UNKNOWN,UNKNOWN,UNKNOWN,UNKNOWN,UNKNOWN,UNKNOWN,UNKNOWN,UNKNOWN,UNKNOWN,UNKNOWN,
sample_0040,images/beamage_Friday_February_14_2025_14_20_04.png,laser_resonator_subset_v1,UNKNOWN,UNKNOWN,UNKNOWN,UNKNOWN,UNKNOWN,UNKNOWN,UNKNOWN,UNKNOWN,UNKNOWN,UNKNOWN,
sample_0041,images/beamage_Friday_February_14_2025_14_21_39.png,laser_resonator_subset_v1,UNKNOWN,UNKNOWN,UNKNOWN,UNKNOWN,UNKNOWN,UNKNOWN,UNKNOWN,UNKNOWN,UNKNOWN,UNKNOWN,
sample_0042,images/beamage_Friday_February_14_2025_14_23_15.png,laser_resonator_subset_v1,UNKNOWN,UNKNOWN,UNKNOWN,UNKNOWN,UNKNOWN,UNKNOWN,UNKNOWN,UNKNOWN,UNKNOWN,UNKNOWN,
sample_0043,images/beamage_Friday_February_14_2025_14_24_50.png,laser_resonator_subset_v1,UNKNOWN,UNKNOWN,UNKNOWN,UNKNOWN,UNKNOWN,UNKNOWN,UNKNOWN,UNKNOWN,UNKNOWN,UNKNOWN,
sample_0044,images/beamage_Friday_February_14_2025_14_26_26.png,laser_resonator_subset_v1,UNKNOWN,UNKNOWN,UNKNOWN,UNKNOWN,UNKNOWN,UNKNOWN,UNKNOWN,UNKNOWN,UNKNOWN,UNKNOWN,
sample_0045,images/beamage_Friday_February_14_2025_14_28_41.png,laser_resonator_subset_v1,UNKNOWN,UNKNOWN,UNKNOWN,UNKNOWN,UNKNOWN,UNKNOWN,UNKNOWN,UNKNOWN,UNKNOWN,UNKNOWN,
sample_0046,images/beamage_Friday_February_14_2025_14_30_16.png,laser_resonator_subset_v1,UNKNOWN,UNKNOWN,UNKNOWN,UNKNOWN,UNKNOWN,UNKNOWN,UNKNOWN,UNKNOWN,UNKNOWN,UNKNOWN,
sample_0047,images/beamage_Friday_February_14_2025_14_31_52.png,laser_resonator_subset_v1,UNKNOWN,UNKNOWN,UNKNOWN,UNKNOWN,UNKNOWN,UNKNOWN,UNKNOWN,UNKNOWN,UNKNOWN,UNKNOWN,
sample_0048,images/beamage_Friday_February_14_2025_14_33_27.png,laser_resonator_subset_v1,UNKNOWN,UNKNOWN,UNKNOWN,UNKNOWN,UNKNOWN,UNKNOWN,UNKNOWN,UNKNOWN,UNKNOWN,UNKNOWN,
sample_0049,images/beamage_Friday_February_14_2025_14_35_03.png,laser_resonator_subset_v1,UNKNOWN,UNKNOWN,UNKNOWN,UNKNOWN,UNKNOWN,UNKNOWN,UNKNOWN,UNKNOWN,UNKNOWN,UNKNOWN,
sample_0050,images/beamage_Friday_February_14_2025_14_36_38.png,laser_resonator_subset_v1,UNKNOWN,UNKNOWN,UNKNOWN,UNKNOWN,UNKNOWN,UNKNOWN,UNKNOWN,UNKNOWN,UNKNOWN,UNKNOWN,
sample_0051,images/beamage_Friday_February_14_2025_14_38_14.png,laser_resonator_subset_v1,UNKNOWN,UNKNOWN,UNKNOWN,UNKNOWN,UNKNOWN,UNKNOWN,UNKNOWN,UNKNOWN,UNKNOWN,UNKNOWN,
sample_0052,images/beamage_Friday_February_14_2025_14_39_49.png,laser_resonator_subset_v1,UNKNOWN,UNKNOWN,UNKNOWN,UNKNOWN,UNKNOWN,UNKNOWN,UNKNOWN,UNKNOWN,UNKNOWN,UNKNOWN,
sample_0053,images/beamage_Friday_February_14_2025_14_41_25.png,laser_resonator_subset_v1,UNKNOWN,UNKNOWN,UNKNOWN,UNKNOWN,UNKNOWN,UNKNOWN,UNKNOWN,UNKNOWN,UNKNOWN,UNKNOWN,
sample_0054,images/beamage_Friday_February_14_2025_14_43_01.png,laser_resonator_subset_v1,UNKNOWN,UNKNOWN,UNKNOWN,UNKNOWN,UNKNOWN,UNKNOWN,UNKNOWN,UNKNOWN,UNKNOWN,UNKNOWN,
sample_0055,images/beamage_Friday_February_14_2025_14_44_36.png,laser_resonator_subset_v1,UNKNOWN,UNKNOWN,UNKNOWN,UNKNOWN,UNKNOWN,UNKNOWN,UNKNOWN,UNKNOWN,UNKNOWN,UNKNOWN,
sample_0056,images/beamage_Friday_February_14_2025_14_46_51.png,laser_resonator_subset_v1,UNKNOWN,UNKNOWN,UNKNOWN,UNKNOWN,UNKNOWN,UNKNOWN,UNKNOWN,UNKNOWN,UNKNOWN,UNKNOWN,
sample_0057,images/beamage_Friday_February_14_2025_14_48_27.png,laser_resonator_subset_v1,UNKNOWN,UNKNOWN,UNKNOWN,UNKNOWN,UNKNOWN,UNKNOWN,UNKNOWN,UNKNOWN,UNKNOWN,UNKNOWN,
sample_0058,images/beamage_Friday_February_14_2025_14_50_02.png,laser_resonator_subset_v1,UNKNOWN,UNKNOWN,UNKNOWN,UNKNOWN,UNKNOWN,UNKNOWN,UNKNOWN,UNKNOWN,UNKNOWN,UNKNOWN,
sample_0059,images/beamage_Friday_February_14_2025_14_51_38.png,laser_resonator_subset_v1,UNKNOWN,UNKNOWN,UNKNOWN,UNKNOWN,UNKNOWN,UNKNOWN,UNKNOWN,UNKNOWN,UNKNOWN,UNKNOWN,
sample_0060,images/beamage_Friday_February_14_2025_14_53_14.png,laser_resonator_subset_v1,UNKNOWN,UNKNOWN,UNKNOWN,UNKNOWN,UNKNOWN,UNKNOWN,UNKNOWN,UNKNOWN,UNKNOWN,UNKNOWN,
sample_0061,images/beamage_Friday_February_14_2025_14_54_49.png,laser_resonator_subset_v1,UNKNOWN,UNKNOWN,UNKNOWN,UNKNOWN,UNKNOWN,UNKNOWN,UNKNOWN,UNKNOWN,UNKNOWN,UNKNOWN,
sample_0062,images/beamage_Friday_February_14_2025_14_56_25.png,laser_resonator_subset_v1,UNKNOWN,UNKNOWN,UNKNOWN,UNKNOWN,UNKNOWN,UNKNOWN,UNKNOWN,UNKNOWN,UNKNOWN,UNKNOWN,
sample_0063,images/beamage_Friday_February_14_2025_14_58_00.png,laser_resonator_subset_v1,UNKNOWN,UNKNOWN,UNKNOWN,UNKNOWN,UNKNOWN,UNKNOWN,UNKNOWN,UNKNOWN,UNKNOWN,UNKNOWN,
sample_0064,images/beamage_Friday_February_14_2025_14_59_36.png,laser_resonator_subset_v1,UNKNOWN,UNKNOWN,UNKNOWN,UNKNOWN,UNKNOWN,UNKNOWN,UNKNOWN,UNKNOWN,UNKNOWN,UNKNOWN,
sample_0065,images/beamage_Friday_February_14_2025_15_01_12.png,laser_resonator_subset_v1,UNKNOWN,UNKNOWN,UNKNOWN,UNKNOWN,UNKNOWN,UNKNOWN,UNKNOWN,UNKNOWN,UNKNOWN,UNKNOWN,
sample_0066,images/beamage_Friday_February_14_2025_15_02_47.png,laser_resonator_subset_v1,UNKNOWN,UNKNOWN,UNKNOWN,UNKNOWN,UNKNOWN,UNKNOWN,UNKNOWN,UNKNOWN,UNKNOWN,UNKNOWN,
sample_0067,images/beamage_Friday_February_14_2025_15_05_02.png,laser_resonator_subset_v1,UNKNOWN,UNKNOWN,UNKNOWN,UNKNOWN,UNKNOWN,UNKNOWN,UNKNOWN,UNKNOWN,UNKNOWN,UNKNOWN,
sample_0068,images/beamage_Friday_February_14_2025_15_06_38.png,laser_resonator_subset_v1,UNKNOWN,UNKNOWN,UNKNOWN,UNKNOWN,UNKNOWN,UNKNOWN,UNKNOWN,UNKNOWN,UNKNOWN,UNKNOWN,
sample_0069,images/beamage_Friday_February_14_2025_15_08_14.png,laser_resonator_subset_v1,UNKNOWN,UNKNOWN,UNKNOWN,UNKNOWN,UNKNOWN,UNKNOWN,UNKNOWN,UNKNOWN,UNKNOWN,UNKNOWN,
sample_0070,images/beamage_Friday_February_14_2025_15_09_49.png,laser_resonator_subset_v1,UNKNOWN,UNKNOWN,UNKNOWN,UNKNOWN,UNKNOWN,UNKNOWN,UNKNOWN,UNKNOWN,UNKNOWN,UNKNOWN,
sample_0071,images/beamage_Friday_February_14_2025_15_11_25.png,laser_resonator_subset_v1,UNKNOWN,UNKNOWN,UNKNOWN,UNKNOWN,UNKNOWN,UNKNOWN,UNKNOWN,UNKNOWN,UNKNOWN,UNKNOWN,
sample_0072,images/beamage_Friday_February_14_2025_15_13_01.png,laser_resonator_subset_v1,UNKNOWN,UNKNOWN,UNKNOWN,UNKNOWN,UNKNOWN,UNKNOWN,UNKNOWN,UNKNOWN,UNKNOWN,UNKNOWN,
sample_0073,images/beamage_Friday_February_14_2025_15_14_36.png,laser_resonator_subset_v1,UNKNOWN,UNKNOWN,UNKNOWN,UNKNOWN,UNKNOWN,UNKNOWN,UNKNOWN,UNKNOWN,UNKNOWN,UNKNOWN,
sample_0074,images/beamage_Friday_February_14_2025_15_16_12.png,laser_resonator_subset_v1,UNKNOWN,UNKNOWN,UNKNOWN,UNKNOWN,UNKNOWN,UNKNOWN,UNKNOWN,UNKNOWN,UNKNOWN,UNKNOWN,
sample_0075,images/beamage_Friday_February_14_2025_15_17_47.png,laser_resonator_subset_v1,UNKNOWN,UNKNOWN,UNKNOWN,UNKNOWN,UNKNOWN,UNKNOWN,UNKNOWN,UNKNOWN,UNKNOWN,UNKNOWN,
sample_0076,images/beamage_Friday_February_14_2025_15_19_23.png,laser_resonator_subset_v1,UNKNOWN,UNKNOWN,UNKNOWN,UNKNOWN,UNKNOWN,UNKNOWN,UNKNOWN,UNKNOWN,UNKNOWN,UNKNOWN,
sample_0077,images/beamage_Friday_February_14_2025_15_20_59.png,laser_resonator_subset_v1,UNKNOWN,UNKNOWN,UNKNOWN,UNKNOWN,UNKNOWN,UNKNOWN,UNKNOWN,UNKNOWN,UNKNOWN,UNKNOWN,
sample_0078,images/beamage_Friday_February_14_2025_15_23_14.png,laser_resonator_subset_v1,UNKNOWN,UNKNOWN,UNKNOWN,UNKNOWN,UNKNOWN,UNKNOWN,UNKNOWN,UNKNOWN,UNKNOWN,UNKNOWN,
sample_0079,images/beamage_Friday_February_14_2025_15_24_49.png,laser_resonator_subset_v1,UNKNOWN,UNKNOWN,UNKNOWN,UNKNOWN,UNKNOWN,UNKNOWN,UNKNOWN,UNKNOWN,UNKNOWN,UNKNOWN,
sample_0080,images/beamage_Friday_February_14_2025_15_26_25.png,laser_resonator_subset_v1,UNKNOWN,UNKNOWN,UNKNOWN,UNKNOWN,UNKNOWN,UNKNOWN,UNKNOWN,UNKNOWN,UNKNOWN,UNKNOWN,
sample_0081,images/beamage_Friday_February_14_2025_15_28_00.png,laser_resonator_subset_v1,UNKNOWN,UNKNOWN,UNKNOWN,UNKNOWN,UNKNOWN,UNKNOWN,UNKNOWN,UNKNOWN,UNKNOWN,UNKNOWN,
sample_0082,images/beamage_Friday_February_14_2025_15_29_36.png,laser_resonator_subset_v1,UNKNOWN,UNKNOWN,UNKNOWN,UNKNOWN,UNKNOWN,UNKNOWN,UNKNOWN,UNKNOWN,UNKNOWN,UNKNOWN,
sample_0083,images/beamage_Friday_February_14_2025_15_31_12.png,laser_resonator_subset_v1,UNKNOWN,UNKNOWN,UNKNOWN,UNKNOWN,UNKNOWN,UNKNOWN,UNKNOWN,UNKNOWN,UNKNOWN,UNKNOWN,
sample_0084,images/beamage_Friday_February_14_2025_15_32_47.png,laser_resonator_subset_v1,UNKNOWN,UNKNOWN,UNKNOWN,UNKNOWN,UNKNOWN,UNKNOWN,UNKNOWN,UNKNOWN,UNKNOWN,UNKNOWN,
sample_0085,images/beamage_Friday_February_14_2025_15_34_23.png,laser_resonator_subset_v1,UNKNOWN,UNKNOWN,UNKNOWN,UNKNOWN,UNKNOWN,UNKNOWN,UNKNOWN,UNKNOWN,UNKNOWN,UNKNOWN,
sample_0086,images/beamage_Friday_February_14_2025_15_35_58.png,laser_resonator_subset_v1,UNKNOWN,UNKNOWN,UNKNOWN,UNKNOWN,UNKNOWN,UNKNOWN,UNKNOWN,UNKNOWN,UNKNOWN,UNKNOWN,
sample_0087,images/beamage_Friday_February_14_2025_15_37_34.png,laser_resonator_subset_v1,UNKNOWN,UNKNOWN,UNKNOWN,UNKNOWN,UNKNOWN,UNKNOWN,UNKNOWN,UNKNOWN,UNKNOWN,UNKNOWN,
sample_0088,images/beamage_Friday_February_14_2025_15_39_10.png,laser_resonator_subset_v1,UNKNOWN,UNKNOWN,UNKNOWN,UNKNOWN,UNKNOWN,UNKNOWN,UNKNOWN,UNKNOWN,UNKNOWN,UNKNOWN,
sample_0089,images/beamage_Friday_February_14_2025_15_41_25.png,laser_resonator_subset_v1,UNKNOWN,UNKNOWN,UNKNOWN,UNKNOWN,UNKNOWN,UNKNOWN,UNKNOWN,UNKNOWN,UNKNOWN,UNKNOWN,
sample_0090,images/beamage_Friday_February_14_2025_15_43_01.png,laser_resonator_subset_v1,UNKNOWN,UNKNOWN,UNKNOWN,UNKNOWN,UNKNOWN,UNKNOWN,UNKNOWN,UNKNOWN,UNKNOWN,UNKNOWN,
sample_0091,images/beamage_Friday_February_14_2025_15_44_36.png,laser_resonator_subset_v1,UNKNOWN,UNKNOWN,UNKNOWN,UNKNOWN,UNKNOWN,UNKNOWN,UNKNOWN,UNKNOWN,UNKNOWN,UNKNOWN,
sample_0092,images/beamage_Friday_February_14_2025_15_46_12.png,laser_resonator_subset_v1,UNKNOWN,UNKNOWN,UNKNOWN,UNKNOWN,UNKNOWN,UNKNOWN,UNKNOWN,UNKNOWN,UNKNOWN,UNKNOWN,
sample_0093,images/beamage_Friday_February_14_2025_15_47_47.png,laser_resonator_subset_v1,UNKNOWN,UNKNOWN,UNKNOWN,UNKNOWN,UNKNOWN,UNKNOWN,UNKNOWN,UNKNOWN,UNKNOWN,UNKNOWN,
sample_0094,images/beamage_Friday_February_14_2025_15_49_23.png,laser_resonator_subset_v1,UNKNOWN,UNKNOWN,UNKNOWN,UNKNOWN,UNKNOWN,UNKNOWN,UNKNOWN,UNKNOWN,UNKNOWN,UNKNOWN,
sample_0095,images/beamage_Friday_February_14_2025_15_50_59.png,laser_resonator_subset_v1,UNKNOWN,UNKNOWN,UNKNOWN,UNKNOWN,UNKNOWN,UNKNOWN,UNKNOWN,UNKNOWN,UNKNOWN,UNKNOWN,
sample_0096,images/beamage_Friday_February_14_2025_15_52_34.png,laser_resonator_subset_v1,UNKNOWN,UNKNOWN,UNKNOWN,UNKNOWN,UNKNOWN,UNKNOWN,UNKNOWN,UNKNOWN,UNKNOWN,UNKNOWN,
sample_0097,images/beamage_Friday_February_14_2025_15_54_10.png,laser_resonator_subset_v1,UNKNOWN,UNKNOWN,UNKNOWN,UNKNOWN,UNKNOWN,UNKNOWN,UNKNOWN,UNKNOWN,UNKNOWN,UNKNOWN,
sample_0098,images/beamage_Friday_February_14_2025_15_55_45.png,laser_resonator_subset_v1,UNKNOWN,UNKNOWN,UNKNOWN,UNKNOWN,UNKNOWN,UNKNOWN,UNKNOWN,UNKNOWN,UNKNOWN,UNKNOWN,
sample_0099,images/beamage_Friday_February_14_2025_15_57_21.png,laser_resonator_subset_v1,UNKNOWN,UNKNOWN,UNKNOWN,UNKNOWN,UNKNOWN,UNKNOWN,UNKNOWN,UNKNOWN,UNKNOWN,UNKNOWN,
sample_0100,images/beamage_Friday_February_14_2025_15_59_36.png,laser_resonator_subset_v1,UNKNOWN,UNKNOWN,UNKNOWN,UNKNOWN,UNKNOWN,UNKNOWN,UNKNOWN,UNKNOWN,UNKNOWN,UNKNOWN,
sample_0101,images/beamage_Friday_February_14_2025_16_01_12.png,laser_resonator_subset_v1,UNKNOWN,UNKNOWN,UNKNOWN,UNKNOWN,UNKNOWN,UNKNOWN,UNKNOWN,UNKNOWN,UNKNOWN,UNKNOWN,
sample_0102,images/beamage_Friday_February_14_2025_16_02_47.png,laser_resonator_subset_v1,UNKNOWN,UNKNOWN,UNKNOWN,UNKNOWN,UNKNOWN,UNKNOWN,UNKNOWN,UNKNOWN,UNKNOWN,UNKNOWN,
sample_0103,images/beamage_Friday_February_14_2025_16_04_23.png,laser_resonator_subset_v1,UNKNOWN,UNKNOWN,UNKNOWN,UNKNOWN,UNKNOWN,UNKNOWN,UNKNOWN,UNKNOWN,UNKNOWN,UNKNOWN,
sample_0104,images/beamage_Friday_February_14_2025_16_05_58.png,laser_resonator_subset_v1,UNKNOWN,UNKNOWN,UNKNOWN,UNKNOWN,UNKNOWN,UNKNOWN,UNKNOWN,UNKNOWN,UNKNOWN,UNKNOWN,
sample_0105,images/beamage_Friday_February_14_2025_16_07_34.png,laser_resonator_subset_v1,UNKNOWN,UNKNOWN,UNKNOWN,UNKNOWN,UNKNOWN,UNKNOWN,UNKNOWN,UNKNOWN,UNKNOWN,UNKNOWN,
sample_0106,images/beamage_Friday_February_14_2025_16_09_09.png,laser_resonator_subset_v1,UNKNOWN,UNKNOWN,UNKNOWN,UNKNOWN,UNKNOWN,UNKNOWN,UNKNOWN,UNKNOWN,UNKNOWN,UNKNOWN,
sample_0107,images/beamage_Friday_February_14_2025_16_10_45.png,laser_resonator_subset_v1,UNKNOWN,UNKNOWN,UNKNOWN,UNKNOWN,UNKNOWN,UNKNOWN,UNKNOWN,UNKNOWN,UNKNOWN,UNKNOWN,
sample_0108,images/beamage_Friday_February_14_2025_16_12_20.png,laser_resonator_subset_v1,UNKNOWN,UNKNOWN,UNKNOWN,UNKNOWN,UNKNOWN,UNKNOWN,UNKNOWN,UNKNOWN,UNKNOWN,UNKNOWN,
sample_0109,images/beamage_Friday_February_14_2025_16_13_56.png,laser_resonator_subset_v1,UNKNOWN,UNKNOWN,UNKNOWN,UNKNOWN,UNKNOWN,UNKNOWN,UNKNOWN,UNKNOWN,UNKNOWN,UNKNOWN,
sample_0110,images/beamage_Friday_February_14_2025_16_15_32.png,laser_resonator_subset_v1,UNKNOWN,UNKNOWN,UNKNOWN,UNKNOWN,UNKNOWN,UNKNOWN,UNKNOWN,UNKNOWN,UNKNOWN,UNKNOWN,
sample_0111,images/beamage_Friday_February_14_2025_16_17_47.png,laser_resonator_subset_v1,UNKNOWN,UNKNOWN,UNKNOWN,UNKNOWN,UNKNOWN,UNKNOWN,UNKNOWN,UNKNOWN,UNKNOWN,UNKNOWN,
sample_0112,images/beamage_Friday_February_14_2025_16_19_22.png,laser_resonator_subset_v1,UNKNOWN,UNKNOWN,UNKNOWN,UNKNOWN,UNKNOWN,UNKNOWN,UNKNOWN,UNKNOWN,UNKNOWN,UNKNOWN,
sample_0113,images/beamage_Friday_February_14_2025_16_20_58.png,laser_resonator_subset_v1,UNKNOWN,UNKNOWN,UNKNOWN,UNKNOWN,UNKNOWN,UNKNOWN,UNKNOWN,UNKNOWN,UNKNOWN,UNKNOWN,
sample_0114,images/beamage_Friday_February_14_2025_16_22_34.png,laser_resonator_subset_v1,UNKNOWN,UNKNOWN,UNKNOWN,UNKNOWN,UNKNOWN,UNKNOWN,UNKNOWN,UNKNOWN,UNKNOWN,UNKNOWN,
sample_0115,images/beamage_Friday_February_14_2025_16_24_09.png,laser_resonator_subset_v1,UNKNOWN,UNKNOWN,UNKNOWN,UNKNOWN,UNKNOWN,UNKNOWN,UNKNOWN,UNKNOWN,UNKNOWN,UNKNOWN,
sample_0116,images/beamage_Friday_February_14_2025_16_25_45.png,laser_resonator_subset_v1,UNKNOWN,UNKNOWN,UNKNOWN,UNKNOWN,UNKNOWN,UNKNOWN,UNKNOWN,UNKNOWN,UNKNOWN,UNKNOWN,
sample_0117,images/beamage_Friday_February_14_2025_16_27_20.png,laser_resonator_subset_v1,UNKNOWN,UNKNOWN,UNKNOWN,UNKNOWN,UNKNOWN,UNKNOWN,UNKNOWN,UNKNOWN,UNKNOWN,UNKNOWN,
sample_0118,images/beamage_Friday_February_14_2025_16_28_56.png,laser_resonator_subset_v1,UNKNOWN,UNKNOWN,UNKNOWN,UNKNOWN,UNKNOWN,UNKNOWN,UNKNOWN,UNKNOWN,UNKNOWN,UNKNOWN,
sample_0119,images/beamage_Friday_February_14_2025_16_30_31.png,laser_resonator_subset_v1,UNKNOWN,UNKNOWN,UNKNOWN,UNKNOWN,UNKNOWN,UNKNOWN,UNKNOWN,UNKNOWN,UNKNOWN,UNKNOWN,
sample_0120,images/beamage_Friday_February_14_2025_16_32_07.png,laser_resonator_subset_v1,UNKNOWN,UNKNOWN,UNKNOWN,UNKNOWN,UNKNOWN,UNKNOWN,UNKNOWN,UNKNOWN,UNKNOWN,UNKNOWN,
sample_0121,images/beamage_Friday_February_14_2025_16_33_43.png,laser_resonator_subset_v1,UNKNOWN,UNKNOWN,UNKNOWN,UNKNOWN,UNKNOWN,UNKNOWN,UNKNOWN,UNKNOWN,UNKNOWN,UNKNOWN,
sample_0122,images/beamage_Friday_February_14_2025_16_35_58.png,laser_resonator_subset_v1,UNKNOWN,UNKNOWN,UNKNOWN,UNKNOWN,UNKNOWN,UNKNOWN,UNKNOWN,UNKNOWN,UNKNOWN,UNKNOWN,
sample_0123,images/beamage_Friday_February_14_2025_16_37_34.png,laser_resonator_subset_v1,UNKNOWN,UNKNOWN,UNKNOWN,UNKNOWN,UNKNOWN,UNKNOWN,UNKNOWN,UNKNOWN,UNKNOWN,UNKNOWN,
sample_0124,images/beamage_Friday_February_14_2025_16_39_09.png,laser_resonator_subset_v1,UNKNOWN,UNKNOWN,UNKNOWN,UNKNOWN,UNKNOWN,UNKNOWN,UNKNOWN,UNKNOWN,UNKNOWN,UNKNOWN,
sample_0125,images/beamage_Friday_February_14_2025_16_40_45.png,laser_resonator_subset_v1,UNKNOWN,UNKNOWN,UNKNOWN,UNKNOWN,UNKNOWN,UNKNOWN,UNKNOWN,UNKNOWN,UNKNOWN,UNKNOWN,
sample_0126,images/beamage_Friday_February_14_2025_16_42_20.png,laser_resonator_subset_v1,UNKNOWN,UNKNOWN,UNKNOWN,UNKNOWN,UNKNOWN,UNKNOWN,UNKNOWN,UNKNOWN,UNKNOWN,UNKNOWN,
sample_0127,images/beamage_Friday_February_14_2025_16_52_15.png,laser_resonator_subset_v1,UNKNOWN,UNKNOWN,UNKNOWN,UNKNOWN,UNKNOWN,UNKNOWN,UNKNOWN,UNKNOWN,UNKNOWN,UNKNOWN,
sample_0128,images/beamage_Friday_February_14_2025_16_53_50.png,laser_resonator_subset_v1,UNKNOWN,UNKNOWN,UNKNOWN,UNKNOWN,UNKNOWN,UNKNOWN,UNKNOWN,UNKNOWN,UNKNOWN,UNKNOWN,
sample_0129,images/beamage_Friday_February_14_2025_16_55_26.png,laser_resonator_subset_v1,UNKNOWN,UNKNOWN,UNKNOWN,UNKNOWN,UNKNOWN,UNKNOWN,UNKNOWN,UNKNOWN,UNKNOWN,UNKNOWN,
sample_0130,images/beamage_Friday_February_14_2025_16_57_01.png,laser_resonator_subset_v1,UNKNOWN,UNKNOWN,UNKNOWN,UNKNOWN,UNKNOWN,UNKNOWN,UNKNOWN,UNKNOWN,UNKNOWN,UNKNOWN,
sample_0131,images/beamage_Friday_February_14_2025_16_58_37.png,laser_resonator_subset_v1,UNKNOWN,UNKNOWN,UNKNOWN,UNKNOWN,UNKNOWN,UNKNOWN,UNKNOWN,UNKNOWN,UNKNOWN,UNKNOWN,
sample_0132,images/beamage_Friday_February_14_2025_17_00_12.png,laser_resonator_subset_v1,UNKNOWN,UNKNOWN,UNKNOWN,UNKNOWN,UNKNOWN,UNKNOWN,UNKNOWN,UNKNOWN,UNKNOWN,UNKNOWN,
sample_0133,images/beamage_Friday_February_14_2025_17_02_27.png,laser_resonator_subset_v1,UNKNOWN,UNKNOWN,UNKNOWN,UNKNOWN,UNKNOWN,UNKNOWN,UNKNOWN,UNKNOWN,UNKNOWN,UNKNOWN,
sample_0134,images/beamage_Friday_February_14_2025_17_04_03.png,laser_resonator_subset_v1,UNKNOWN,UNKNOWN,UNKNOWN,UNKNOWN,UNKNOWN,UNKNOWN,UNKNOWN,UNKNOWN,UNKNOWN,UNKNOWN,
sample_0135,images/beamage_Friday_February_14_2025_17_05_39.png,laser_resonator_subset_v1,UNKNOWN,UNKNOWN,UNKNOWN,UNKNOWN,UNKNOWN,UNKNOWN,UNKNOWN,UNKNOWN,UNKNOWN,UNKNOWN,
sample_0136,images/beamage_Friday_February_14_2025_17_07_14.png,laser_resonator_subset_v1,UNKNOWN,UNKNOWN,UNKNOWN,UNKNOWN,UNKNOWN,UNKNOWN,UNKNOWN,UNKNOWN,UNKNOWN,UNKNOWN,
sample_0137,images/beamage_Friday_February_14_2025_17_08_50.png,laser_resonator_subset_v1,UNKNOWN,UNKNOWN,UNKNOWN,UNKNOWN,UNKNOWN,UNKNOWN,UNKNOWN,UNKNOWN,UNKNOWN,UNKNOWN,
sample_0138,images/beamage_Friday_February_14_2025_17_10_25.png,laser_resonator_subset_v1,UNKNOWN,UNKNOWN,UNKNOWN,UNKNOWN,UNKNOWN,UNKNOWN,UNKNOWN,UNKNOWN,UNKNOWN,UNKNOWN,
sample_0139,images/beamage_Friday_February_14_2025_17_12_01.png,laser_resonator_subset_v1,UNKNOWN,UNKNOWN,UNKNOWN,UNKNOWN,UNKNOWN,UNKNOWN,UNKNOWN,UNKNOWN,UNKNOWN,UNKNOWN,
sample_0140,images/beamage_Friday_February_14_2025_17_13_36.png,laser_resonator_subset_v1,UNKNOWN,UNKNOWN,UNKNOWN,UNKNOWN,UNKNOWN,UNKNOWN,UNKNOWN,UNKNOWN,UNKNOWN,UNKNOWN,
sample_0141,images/beamage_Friday_February_14_2025_17_15_12.png,laser_resonator_subset_v1,UNKNOWN,UNKNOWN,UNKNOWN,UNKNOWN,UNKNOWN,UNKNOWN,UNKNOWN,UNKNOWN,UNKNOWN,UNKNOWN,
sample_0142,images/beamage_Friday_February_14_2025_17_16_48.png,laser_resonator_subset_v1,UNKNOWN,UNKNOWN,UNKNOWN,UNKNOWN,UNKNOWN,UNKNOWN,UNKNOWN,UNKNOWN,UNKNOWN,UNKNOWN,
sample_0143,images/beamage_Friday_February_14_2025_17_18_23.png,laser_resonator_subset_v1,UNKNOWN,UNKNOWN,UNKNOWN,UNKNOWN,UNKNOWN,UNKNOWN,UNKNOWN,UNKNOWN,UNKNOWN,UNKNOWN,
sample_0144,images/beamage_Friday_February_14_2025_17_20_38.png,laser_resonator_subset_v1,UNKNOWN,UNKNOWN,UNKNOWN,UNKNOWN,UNKNOWN,UNKNOWN,UNKNOWN,UNKNOWN,UNKNOWN,UNKNOWN,
sample_0145,images/beamage_Friday_February_14_2025_17_22_14.png,laser_resonator_subset_v1,UNKNOWN,UNKNOWN,UNKNOWN,UNKNOWN,UNKNOWN,UNKNOWN,UNKNOWN,UNKNOWN,UNKNOWN,UNKNOWN,
sample_0146,images/beamage_Friday_February_14_2025_17_23_50.png,laser_resonator_subset_v1,UNKNOWN,UNKNOWN,UNKNOWN,UNKNOWN,UNKNOWN,UNKNOWN,UNKNOWN,UNKNOWN,UNKNOWN,UNKNOWN,
sample_0147,images/beamage_Friday_February_14_2025_17_25_25.png,laser_resonator_subset_v1,UNKNOWN,UNKNOWN,UNKNOWN,UNKNOWN,UNKNOWN,UNKNOWN,UNKNOWN,UNKNOWN,UNKNOWN,UNKNOWN,
sample_0148,images/beamage_Friday_February_14_2025_17_27_01.png,laser_resonator_subset_v1,UNKNOWN,UNKNOWN,UNKNOWN,UNKNOWN,UNKNOWN,UNKNOWN,UNKNOWN,UNKNOWN,UNKNOWN,UNKNOWN,
sample_0149,images/beamage_Friday_February_14_2025_17_28_37.png,laser_resonator_subset_v1,UNKNOWN,UNKNOWN,UNKNOWN,UNKNOWN,UNKNOWN,UNKNOWN,UNKNOWN,UNKNOWN,UNKNOWN,UNKNOWN,
sample_0150,images/beamage_Friday_February_14_2025_17_30_12.png,laser_resonator_subset_v1,UNKNOWN,UNKNOWN,UNKNOWN,UNKNOWN,UNKNOWN,UNKNOWN,UNKNOWN,UNKNOWN,UNKNOWN,UNKNOWN,
sample_0151,images/beamage_Friday_February_14_2025_17_31_48.png,laser_resonator_subset_v1,UNKNOWN,UNKNOWN,UNKNOWN,UNKNOWN,UNKNOWN,UNKNOWN,UNKNOWN,UNKNOWN,UNKNOWN,UNKNOWN,
sample_0152,images/beamage_Friday_February_14_2025_17_33_23.png,laser_resonator_subset_v1,UNKNOWN,UNKNOWN,UNKNOWN,UNKNOWN,UNKNOWN,UNKNOWN,UNKNOWN,UNKNOWN,UNKNOWN,UNKNOWN,
sample_0153,images/beamage_Friday_February_14_2025_17_34_59.png,laser_resonator_subset_v1,UNKNOWN,UNKNOWN,UNKNOWN,UNKNOWN,UNKNOWN,UNKNOWN,UNKNOWN,UNKNOWN,UNKNOWN,UNKNOWN,
sample_0154,images/beamage_Friday_February_14_2025_17_36_34.png,laser_resonator_subset_v1,UNKNOWN,UNKNOWN,UNKNOWN,UNKNOWN,UNKNOWN,UNKNOWN,UNKNOWN,UNKNOWN,UNKNOWN,UNKNOWN,
sample_0155,images/beamage_Friday_February_28_2025_00_01_04.png,laser_resonator_subset_v1,UNKNOWN,UNKNOWN,UNKNOWN,UNKNOWN,UNKNOWN,UNKNOWN,UNKNOWN,UNKNOWN,UNKNOWN,UNKNOWN,
sample_0156,images/beamage_Friday_February_28_2025_00_03_05.png,laser_resonator_subset_v1,UNKNOWN,UNKNOWN,UNKNOWN,UNKNOWN,UNKNOWN,UNKNOWN,UNKNOWN,UNKNOWN,UNKNOWN,UNKNOWN,
sample_0157,images/beamage_Friday_February_28_2025_00_05_05.png,laser_resonator_subset_v1,UNKNOWN,UNKNOWN,UNKNOWN,UNKNOWN,UNKNOWN,UNKNOWN,UNKNOWN,UNKNOWN,UNKNOWN,UNKNOWN,
sample_0158,images/beamage_Friday_February_28_2025_00_07_05.png,laser_resonator_subset_v1,UNKNOWN,UNKNOWN,UNKNOWN,UNKNOWN,UNKNOWN,UNKNOWN,UNKNOWN,UNKNOWN,UNKNOWN,UNKNOWN,
sample_0159,images/beamage_Friday_February_28_2025_00_09_06.png,laser_resonator_subset_v1,UNKNOWN,UNKNOWN,UNKNOWN,UNKNOWN,UNKNOWN,UNKNOWN,UNKNOWN,UNKNOWN,UNKNOWN,UNKNOWN,
sample_0160,images/beamage_Friday_February_28_2025_00_11_06.png,laser_resonator_subset_v1,UNKNOWN,UNKNOWN,UNKNOWN,UNKNOWN,UNKNOWN,UNKNOWN,UNKNOWN,UNKNOWN,UNKNOWN,UNKNOWN,
sample_0161,images/beamage_Friday_February_28_2025_00_13_06.png,laser_resonator_subset_v1,UNKNOWN,UNKNOWN,UNKNOWN,UNKNOWN,UNKNOWN,UNKNOWN,UNKNOWN,UNKNOWN,UNKNOWN,UNKNOWN,
sample_0162,images/beamage_Friday_February_28_2025_00_15_06.png,laser_resonator_subset_v1,UNKNOWN,UNKNOWN,UNKNOWN,UNKNOWN,UNKNOWN,UNKNOWN,UNKNOWN,UNKNOWN,UNKNOWN,UNKNOWN,
sample_0163,images/beamage_Friday_February_28_2025_00_17_07.png,laser_resonator_subset_v1,UNKNOWN,UNKNOWN,UNKNOWN,UNKNOWN,UNKNOWN,UNKNOWN,UNKNOWN,UNKNOWN,UNKNOWN,UNKNOWN,
sample_0164,images/beamage_Friday_February_28_2025_00_19_07.png,laser_resonator_subset_v1,UNKNOWN,UNKNOWN,UNKNOWN,UNKNOWN,UNKNOWN,UNKNOWN,UNKNOWN,UNKNOWN,UNKNOWN,UNKNOWN,
sample_0165,images/beamage_Friday_February_28_2025_00_21_07.png,laser_resonator_subset_v1,UNKNOWN,UNKNOWN,UNKNOWN,UNKNOWN,UNKNOWN,UNKNOWN,UNKNOWN,UNKNOWN,UNKNOWN,UNKNOWN,
sample_0166,images/beamage_Friday_February_28_2025_00_23_27.png,laser_resonator_subset_v1,UNKNOWN,UNKNOWN,UNKNOWN,UNKNOWN,UNKNOWN,UNKNOWN,UNKNOWN,UNKNOWN,UNKNOWN,UNKNOWN,
sample_0167,images/beamage_Friday_February_28_2025_00_25_27.png,laser_resonator_subset_v1,UNKNOWN,UNKNOWN,UNKNOWN,UNKNOWN,UNKNOWN,UNKNOWN,UNKNOWN,UNKNOWN,UNKNOWN,UNKNOWN,
sample_0168,images/beamage_Friday_February_28_2025_00_27_27.png,laser_resonator_subset_v1,UNKNOWN,UNKNOWN,UNKNOWN,UNKNOWN,UNKNOWN,UNKNOWN,UNKNOWN,UNKNOWN,UNKNOWN,UNKNOWN,
sample_0169,images/beamage_Friday_February_28_2025_00_29_28.png,laser_resonator_subset_v1,UNKNOWN,UNKNOWN,UNKNOWN,UNKNOWN,UNKNOWN,UNKNOWN,UNKNOWN,UNKNOWN,UNKNOWN,UNKNOWN,
sample_0170,images/beamage_Friday_February_28_2025_00_31_28.png,laser_resonator_subset_v1,UNKNOWN,UNKNOWN,UNKNOWN,UNKNOWN,UNKNOWN,UNKNOWN,UNKNOWN,UNKNOWN,UNKNOWN,UNKNOWN,
sample_0171,images/beamage_Friday_February_28_2025_00_33_28.png,laser_resonator_subset_v1,UNKNOWN,UNKNOWN,UNKNOWN,UNKNOWN,UNKNOWN,UNKNOWN,UNKNOWN,UNKNOWN,UNKNOWN,UNKNOWN,
sample_0172,images/beamage_Friday_February_28_2025_00_35_29.png,laser_resonator_subset_v1,UNKNOWN,UNKNOWN,UNKNOWN,UNKNOWN,UNKNOWN,UNKNOWN,UNKNOWN,UNKNOWN,UNKNOWN,UNKNOWN,
sample_0173,images/beamage_Friday_February_28_2025_00_37_29.png,laser_resonator_subset_v1,UNKNOWN,UNKNOWN,UNKNOWN,UNKNOWN,UNKNOWN,UNKNOWN,UNKNOWN,UNKNOWN,UNKNOWN,UNKNOWN,
sample_0174,images/beamage_Friday_February_28_2025_00_39_29.png,laser_resonator_subset_v1,UNKNOWN,UNKNOWN,UNKNOWN,UNKNOWN,UNKNOWN,UNKNOWN,UNKNOWN,UNKNOWN,UNKNOWN,UNKNOWN,
sample_0175,images/beamage_Friday_February_28_2025_00_41_30.png,laser_resonator_subset_v1,UNKNOWN,UNKNOWN,UNKNOWN,UNKNOWN,UNKNOWN,UNKNOWN,UNKNOWN,UNKNOWN,UNKNOWN,UNKNOWN,
sample_0176,images/beamage_Friday_February_28_2025_00_45_49.png,laser_resonator_subset_v1,UNKNOWN,UNKNOWN,UNKNOWN,UNKNOWN,UNKNOWN,UNKNOWN,UNKNOWN,UNKNOWN,UNKNOWN,UNKNOWN,
sample_0177,images/beamage_Friday_February_28_2025_00_47_49.png,laser_resonator_subset_v1,UNKNOWN,UNKNOWN,UNKNOWN,UNKNOWN,UNKNOWN,UNKNOWN,UNKNOWN,UNKNOWN,UNKNOWN,UNKNOWN,
sample_0178,images/beamage_Friday_February_28_2025_00_49_50.png,laser_resonator_subset_v1,UNKNOWN,UNKNOWN,UNKNOWN,UNKNOWN,UNKNOWN,UNKNOWN,UNKNOWN,UNKNOWN,UNKNOWN,UNKNOWN,
sample_0179,images/beamage_Friday_February_28_2025_00_51_50.png,laser_resonator_subset_v1,UNKNOWN,UNKNOWN,UNKNOWN,UNKNOWN,UNKNOWN,UNKNOWN,UNKNOWN,UNKNOWN,UNKNOWN,UNKNOWN,
sample_0180,images/beamage_Friday_February_28_2025_00_53_50.png,laser_resonator_subset_v1,UNKNOWN,UNKNOWN,UNKNOWN,UNKNOWN,UNKNOWN,UNKNOWN,UNKNOWN,UNKNOWN,UNKNOWN,UNKNOWN,
sample_0181,images/beamage_Friday_February_28_2025_00_55_51.png,laser_resonator_subset_v1,UNKNOWN,UNKNOWN,UNKNOWN,UNKNOWN,UNKNOWN,UNKNOWN,UNKNOWN,UNKNOWN,UNKNOWN,UNKNOWN,
sample_0182,images/beamage_Friday_February_28_2025_00_57_51.png,laser_resonator_subset_v1,UNKNOWN,UNKNOWN,UNKNOWN,UNKNOWN,UNKNOWN,UNKNOWN,UNKNOWN,UNKNOWN,UNKNOWN,UNKNOWN,
sample_0183,images/beamage_Friday_February_28_2025_00_59_51.png,laser_resonator_subset_v1,UNKNOWN,UNKNOWN,UNKNOWN,UNKNOWN,UNKNOWN,UNKNOWN,UNKNOWN,UNKNOWN,UNKNOWN,UNKNOWN,
sample_0184,images/beamage_Friday_February_28_2025_01_01_51.png,laser_resonator_subset_v1,UNKNOWN,UNKNOWN,UNKNOWN,UNKNOWN,UNKNOWN,UNKNOWN,UNKNOWN,UNKNOWN,UNKNOWN,UNKNOWN,
sample_0185,images/beamage_Friday_February_28_2025_01_03_52.png,laser_resonator_subset_v1,UNKNOWN,UNKNOWN,UNKNOWN,UNKNOWN,UNKNOWN,UNKNOWN,UNKNOWN,UNKNOWN,UNKNOWN,UNKNOWN,
sample_0186,images/beamage_Friday_February_28_2025_01_05_52.png,laser_resonator_subset_v1,UNKNOWN,UNKNOWN,UNKNOWN,UNKNOWN,UNKNOWN,UNKNOWN,UNKNOWN,UNKNOWN,UNKNOWN,UNKNOWN,
sample_0187,images/beamage_Friday_February_28_2025_01_08_12.png,laser_resonator_subset_v1,UNKNOWN,UNKNOWN,UNKNOWN,UNKNOWN,UNKNOWN,UNKNOWN,UNKNOWN,UNKNOWN,UNKNOWN,UNKNOWN,
sample_0188,images/beamage_Friday_February_28_2025_01_10_12.png,laser_resonator_subset_v1,UNKNOWN,UNKNOWN,UNKNOWN,UNKNOWN,UNKNOWN,UNKNOWN,UNKNOWN,UNKNOWN,UNKNOWN,UNKNOWN,
sample_0189,images/beamage_Friday_February_28_2025_01_12_12.png,laser_resonator_subset_v1,UNKNOWN,UNKNOWN,UNKNOWN,UNKNOWN,UNKNOWN,UNKNOWN,UNKNOWN,UNKNOWN,UNKNOWN,UNKNOWN,
sample_0190,images/beamage_Friday_February_28_2025_01_14_13.png,laser_resonator_subset_v1,UNKNOWN,UNKNOWN,UNKNOWN,UNKNOWN,UNKNOWN,UNKNOWN,UNKNOWN,UNKNOWN,UNKNOWN,UNKNOWN,
sample_0191,images/beamage_Friday_February_28_2025_01_16_13.png,laser_resonator_subset_v1,UNKNOWN,UNKNOWN,UNKNOWN,UNKNOWN,UNKNOWN,UNKNOWN,UNKNOWN,UNKNOWN,UNKNOWN,UNKNOWN,
sample_0192,images/beamage_Friday_February_28_2025_01_18_13.png,laser_resonator_subset_v1,UNKNOWN,UNKNOWN,UNKNOWN,UNKNOWN,UNKNOWN,UNKNOWN,UNKNOWN,UNKNOWN,UNKNOWN,UNKNOWN,
sample_0193,images/beamage_Friday_February_28_2025_01_20_14.png,laser_resonator_subset_v1,UNKNOWN,UNKNOWN,UNKNOWN,UNKNOWN,UNKNOWN,UNKNOWN,UNKNOWN,UNKNOWN,UNKNOWN,UNKNOWN,
sample_0194,images/beamage_Friday_February_28_2025_01_22_14.png,laser_resonator_subset_v1,UNKNOWN,UNKNOWN,UNKNOWN,UNKNOWN,UNKNOWN,UNKNOWN,UNKNOWN,UNKNOWN,UNKNOWN,UNKNOWN,
sample_0195,images/beamage_Friday_February_28_2025_01_24_14.png,laser_resonator_subset_v1,UNKNOWN,UNKNOWN,UNKNOWN,UNKNOWN,UNKNOWN,UNKNOWN,UNKNOWN,UNKNOWN,UNKNOWN,UNKNOWN,
sample_0196,images/beamage_Friday_February_28_2025_01_26_15.png,laser_resonator_subset_v1,UNKNOWN,UNKNOWN,UNKNOWN,UNKNOWN,UNKNOWN,UNKNOWN,UNKNOWN,UNKNOWN,UNKNOWN,UNKNOWN,
sample_0197,images/beamage_Friday_February_28_2025_01_28_15.png,laser_resonator_subset_v1,UNKNOWN,UNKNOWN,UNKNOWN,UNKNOWN,UNKNOWN,UNKNOWN,UNKNOWN,UNKNOWN,UNKNOWN,UNKNOWN,
sample_0198,images/beamage_Friday_February_28_2025_01_30_34.png,laser_resonator_subset_v1,UNKNOWN,UNKNOWN,UNKNOWN,UNKNOWN,UNKNOWN,UNKNOWN,UNKNOWN,UNKNOWN,UNKNOWN,UNKNOWN,
sample_0199,images/beamage_Friday_February_28_2025_01_32_35.png,laser_resonator_subset_v1,UNKNOWN,UNKNOWN,UNKNOWN,UNKNOWN,UNKNOWN,UNKNOWN,UNKNOWN,UNKNOWN,UNKNOWN,UNKNOWN,
sample_0200,images/beamage_Friday_February_28_2025_01_34_35.png,laser_resonator_subset_v1,UNKNOWN,UNKNOWN,UNKNOWN,UNKNOWN,UNKNOWN,UNKNOWN,UNKNOWN,UNKNOWN,UNKNOWN,UNKNOWN,
sample_0201,images/beamage_Friday_February_28_2025_01_36_35.png,laser_resonator_subset_v1,UNKNOWN,UNKNOWN,UNKNOWN,UNKNOWN,UNKNOWN,UNKNOWN,UNKNOWN,UNKNOWN,UNKNOWN,UNKNOWN,
sample_0202,images/beamage_Friday_February_28_2025_01_38_36.png,laser_resonator_subset_v1,UNKNOWN,UNKNOWN,UNKNOWN,UNKNOWN,UNKNOWN,UNKNOWN,UNKNOWN,UNKNOWN,UNKNOWN,UNKNOWN,
sample_0203,images/beamage_Friday_February_28_2025_01_40_36.png,laser_resonator_subset_v1,UNKNOWN,UNKNOWN,UNKNOWN,UNKNOWN,UNKNOWN,UNKNOWN,UNKNOWN,UNKNOWN,UNKNOWN,UNKNOWN,
sample_0204,images/beamage_Friday_February_28_2025_01_42_36.png,laser_resonator_subset_v1,UNKNOWN,UNKNOWN,UNKNOWN,UNKNOWN,UNKNOWN,UNKNOWN,UNKNOWN,UNKNOWN,UNKNOWN,UNKNOWN,
sample_0205,images/beamage_Friday_February_28_2025_01_44_37.png,laser_resonator_subset_v1,UNKNOWN,UNKNOWN,UNKNOWN,UNKNOWN,UNKNOWN,UNKNOWN,UNKNOWN,UNKNOWN,UNKNOWN,UNKNOWN,
sample_0206,images/beamage_Friday_February_28_2025_01_46_37.png,laser_resonator_subset_v1,UNKNOWN,UNKNOWN,UNKNOWN,UNKNOWN,UNKNOWN,UNKNOWN,UNKNOWN,UNKNOWN,UNKNOWN,UNKNOWN,
sample_0207,images/beamage_Friday_February_28_2025_01_48_37.png,laser_resonator_subset_v1,UNKNOWN,UNKNOWN,UNKNOWN,UNKNOWN,UNKNOWN,UNKNOWN,UNKNOWN,UNKNOWN,UNKNOWN,UNKNOWN,
sample_0208,images/beamage_Friday_February_28_2025_01_52_57.png,laser_resonator_subset_v1,UNKNOWN,UNKNOWN,UNKNOWN,UNKNOWN,UNKNOWN,UNKNOWN,UNKNOWN,UNKNOWN,UNKNOWN,UNKNOWN,
sample_0209,images/beamage_Friday_February_28_2025_01_54_57.png,laser_resonator_subset_v1,UNKNOWN,UNKNOWN,UNKNOWN,UNKNOWN,UNKNOWN,UNKNOWN,UNKNOWN,UNKNOWN,UNKNOWN,UNKNOWN,
sample_0210,images/beamage_Friday_February_28_2025_01_56_57.png,laser_resonator_subset_v1,UNKNOWN,UNKNOWN,UNKNOWN,UNKNOWN,UNKNOWN,UNKNOWN,UNKNOWN,UNKNOWN,UNKNOWN,UNKNOWN,
sample_0211,images/beamage_Friday_February_28_2025_01_58_58.png,laser_resonator_subset_v1,UNKNOWN,UNKNOWN,UNKNOWN,UNKNOWN,UNKNOWN,UNKNOWN,UNKNOWN,UNKNOWN,UNKNOWN,UNKNOWN,
sample_0212,images/beamage_Friday_February_28_2025_02_00_58.png,laser_resonator_subset_v1,UNKNOWN,UNKNOWN,UNKNOWN,UNKNOWN,UNKNOWN,UNKNOWN,UNKNOWN,UNKNOWN,UNKNOWN,UNKNOWN,
sample_0213,images/beamage_Friday_February_28_2025_02_02_58.png,laser_resonator_subset_v1,UNKNOWN,UNKNOWN,UNKNOWN,UNKNOWN,UNKNOWN,UNKNOWN,UNKNOWN,UNKNOWN,UNKNOWN,UNKNOWN,
sample_0214,images/beamage_Friday_February_28_2025_02_04_59.png,laser_resonator_subset_v1,UNKNOWN,UNKNOWN,UNKNOWN,UNKNOWN,UNKNOWN,UNKNOWN,UNKNOWN,UNKNOWN,UNKNOWN,UNKNOWN,
sample_0215,images/beamage_Friday_February_28_2025_02_06_59.png,laser_resonator_subset_v1,UNKNOWN,UNKNOWN,UNKNOWN,UNKNOWN,UNKNOWN,UNKNOWN,UNKNOWN,UNKNOWN,UNKNOWN,UNKNOWN,
sample_0216,images/beamage_Friday_February_28_2025_02_08_59.png,laser_resonator_subset_v1,UNKNOWN,UNKNOWN,UNKNOWN,UNKNOWN,UNKNOWN,UNKNOWN,UNKNOWN,UNKNOWN,UNKNOWN,UNKNOWN,
sample_0217,images/beamage_Friday_February_28_2025_02_10_59.png,laser_resonator_subset_v1,UNKNOWN,UNKNOWN,UNKNOWN,UNKNOWN,UNKNOWN,UNKNOWN,UNKNOWN,UNKNOWN,UNKNOWN,UNKNOWN,
sample_0218,images/beamage_Friday_February_28_2025_02_13_00.png,laser_resonator_subset_v1,UNKNOWN,UNKNOWN,UNKNOWN,UNKNOWN,UNKNOWN,UNKNOWN,UNKNOWN,UNKNOWN,UNKNOWN,UNKNOWN,
sample_0219,images/beamage_Friday_February_28_2025_02_15_19.png,laser_resonator_subset_v1,UNKNOWN,UNKNOWN,UNKNOWN,UNKNOWN,UNKNOWN,UNKNOWN,UNKNOWN,UNKNOWN,UNKNOWN,UNKNOWN,
sample_0220,images/beamage_Friday_February_28_2025_02_17_20.png,laser_resonator_subset_v1,UNKNOWN,UNKNOWN,UNKNOWN,UNKNOWN,UNKNOWN,UNKNOWN,UNKNOWN,UNKNOWN,UNKNOWN,UNKNOWN,
sample_0221,images/beamage_Friday_February_28_2025_02_19_20.png,laser_resonator_subset_v1,UNKNOWN,UNKNOWN,UNKNOWN,UNKNOWN,UNKNOWN,UNKNOWN,UNKNOWN,UNKNOWN,UNKNOWN,UNKNOWN,
sample_0222,images/beamage_Friday_February_28_2025_02_21_20.png,laser_resonator_subset_v1,UNKNOWN,UNKNOWN,UNKNOWN,UNKNOWN,UNKNOWN,UNKNOWN,UNKNOWN,UNKNOWN,UNKNOWN,UNKNOWN,
sample_0223,images/beamage_Friday_February_28_2025_02_23_20.png,laser_resonator_subset_v1,UNKNOWN,UNKNOWN,UNKNOWN,UNKNOWN,UNKNOWN,UNKNOWN,UNKNOWN,UNKNOWN,UNKNOWN,UNKNOWN,
sample_0224,images/beamage_Friday_February_28_2025_02_25_21.png,laser_resonator_subset_v1,UNKNOWN,UNKNOWN,UNKNOWN,UNKNOWN,UNKNOWN,UNKNOWN,UNKNOWN,UNKNOWN,UNKNOWN,UNKNOWN,
sample_0225,images/beamage_Friday_February_28_2025_02_27_21.png,laser_resonator_subset_v1,UNKNOWN,UNKNOWN,UNKNOWN,UNKNOWN,UNKNOWN,UNKNOWN,UNKNOWN,UNKNOWN,UNKNOWN,UNKNOWN,
sample_0226,images/beamage_Friday_February_28_2025_02_29_21.png,laser_resonator_subset_v1,UNKNOWN,UNKNOWN,UNKNOWN,UNKNOWN,UNKNOWN,UNKNOWN,UNKNOWN,UNKNOWN,UNKNOWN,UNKNOWN,
sample_0227,images/beamage_Friday_February_28_2025_02_31_22.png,laser_resonator_subset_v1,UNKNOWN,UNKNOWN,UNKNOWN,UNKNOWN,UNKNOWN,UNKNOWN,UNKNOWN,UNKNOWN,UNKNOWN,UNKNOWN,
sample_0228,images/beamage_Friday_February_28_2025_02_33_22.png,laser_resonator_subset_v1,UNKNOWN,UNKNOWN,UNKNOWN,UNKNOWN,UNKNOWN,UNKNOWN,UNKNOWN,UNKNOWN,UNKNOWN,UNKNOWN,
sample_0229,images/beamage_Friday_February_28_2025_02_41_05.png,laser_resonator_subset_v1,UNKNOWN,UNKNOWN,UNKNOWN,UNKNOWN,UNKNOWN,UNKNOWN,UNKNOWN,UNKNOWN,UNKNOWN,UNKNOWN,
sample_0230,images/beamage_Friday_February_28_2025_02_43_05.png,laser_resonator_subset_v1,UNKNOWN,UNKNOWN,UNKNOWN,UNKNOWN,UNKNOWN,UNKNOWN,UNKNOWN,UNKNOWN,UNKNOWN,UNKNOWN,
sample_0231,images/beamage_Friday_February_28_2025_02_45_06.png,laser_resonator_subset_v1,UNKNOWN,UNKNOWN,UNKNOWN,UNKNOWN,UNKNOWN,UNKNOWN,UNKNOWN,UNKNOWN,UNKNOWN,UNKNOWN,
sample_0232,images/beamage_Friday_February_28_2025_02_47_06.png,laser_resonator_subset_v1,UNKNOWN,UNKNOWN,UNKNOWN,UNKNOWN,UNKNOWN,UNKNOWN,UNKNOWN,UNKNOWN,UNKNOWN,UNKNOWN,
sample_0233,images/beamage_Friday_February_28_2025_02_49_06.png,laser_resonator_subset_v1,UNKNOWN,UNKNOWN,UNKNOWN,UNKNOWN,UNKNOWN,UNKNOWN,UNKNOWN,UNKNOWN,UNKNOWN,UNKNOWN,
sample_0234,images/beamage_Friday_February_28_2025_02_51_07.png,laser_resonator_subset_v1,UNKNOWN,UNKNOWN,UNKNOWN,UNKNOWN,UNKNOWN,UNKNOWN,UNKNOWN,UNKNOWN,UNKNOWN,UNKNOWN,
sample_0235,images/beamage_Friday_February_28_2025_02_53_07.png,laser_resonator_subset_v1,UNKNOWN,UNKNOWN,UNKNOWN,UNKNOWN,UNKNOWN,UNKNOWN,UNKNOWN,UNKNOWN,UNKNOWN,UNKNOWN,
sample_0236,images/beamage_Friday_February_28_2025_02_55_07.png,laser_resonator_subset_v1,UNKNOWN,UNKNOWN,UNKNOWN,UNKNOWN,UNKNOWN,UNKNOWN,UNKNOWN,UNKNOWN,UNKNOWN,UNKNOWN,
sample_0237,images/beamage_Friday_February_28_2025_02_57_08.png,laser_resonator_subset_v1,UNKNOWN,UNKNOWN,UNKNOWN,UNKNOWN,UNKNOWN,UNKNOWN,UNKNOWN,UNKNOWN,UNKNOWN,UNKNOWN,
sample_0238,images/beamage_Friday_February_28_2025_02_59_08.png,laser_resonator_subset_v1,UNKNOWN,UNKNOWN,UNKNOWN,UNKNOWN,UNKNOWN,UNKNOWN,UNKNOWN,UNKNOWN,UNKNOWN,UNKNOWN,
sample_0239,images/beamage_Friday_February_28_2025_03_03_28.png,laser_resonator_subset_v1,UNKNOWN,UNKNOWN,UNKNOWN,UNKNOWN,UNKNOWN,UNKNOWN,UNKNOWN,UNKNOWN,UNKNOWN,UNKNOWN,
sample_0240,images/beamage_Friday_February_28_2025_03_05_28.png,laser_resonator_subset_v1,UNKNOWN,UNKNOWN,UNKNOWN,UNKNOWN,UNKNOWN,UNKNOWN,UNKNOWN,UNKNOWN,UNKNOWN,UNKNOWN,
sample_0241,images/beamage_Friday_February_28_2025_03_07_28.png,laser_resonator_subset_v1,UNKNOWN,UNKNOWN,UNKNOWN,UNKNOWN,UNKNOWN,UNKNOWN,UNKNOWN,UNKNOWN,UNKNOWN,UNKNOWN,
sample_0242,images/beamage_Friday_February_28_2025_03_09_28.png,laser_resonator_subset_v1,UNKNOWN,UNKNOWN,UNKNOWN,UNKNOWN,UNKNOWN,UNKNOWN,UNKNOWN,UNKNOWN,UNKNOWN,UNKNOWN,
sample_0243,images/beamage_Friday_February_28_2025_03_11_29.png,laser_resonator_subset_v1,UNKNOWN,UNKNOWN,UNKNOWN,UNKNOWN,UNKNOWN,UNKNOWN,UNKNOWN,UNKNOWN,UNKNOWN,UNKNOWN,
sample_0244,images/beamage_Friday_February_28_2025_03_13_29.png,laser_resonator_subset_v1,UNKNOWN,UNKNOWN,UNKNOWN,UNKNOWN,UNKNOWN,UNKNOWN,UNKNOWN,UNKNOWN,UNKNOWN,UNKNOWN,
sample_0245,images/beamage_Friday_February_28_2025_03_15_29.png,laser_resonator_subset_v1,UNKNOWN,UNKNOWN,UNKNOWN,UNKNOWN,UNKNOWN,UNKNOWN,UNKNOWN,UNKNOWN,UNKNOWN,UNKNOWN,
sample_0246,images/beamage_Friday_February_28_2025_03_17_30.png,laser_resonator_subset_v1,UNKNOWN,UNKNOWN,UNKNOWN,UNKNOWN,UNKNOWN,UNKNOWN,UNKNOWN,UNKNOWN,UNKNOWN,UNKNOWN,
sample_0247,images/beamage_Friday_February_28_2025_03_19_30.png,laser_resonator_subset_v1,UNKNOWN,UNKNOWN,UNKNOWN,UNKNOWN,UNKNOWN,UNKNOWN,UNKNOWN,UNKNOWN,UNKNOWN,UNKNOWN,
sample_0248,images/beamage_Friday_February_28_2025_03_23_50.png,laser_resonator_subset_v1,UNKNOWN,UNKNOWN,UNKNOWN,UNKNOWN,UNKNOWN,UNKNOWN,UNKNOWN,UNKNOWN,UNKNOWN,UNKNOWN,
sample_0249,images/beamage_Friday_February_28_2025_03_25_50.png,laser_resonator_subset_v1,UNKNOWN,UNKNOWN,UNKNOWN,UNKNOWN,UNKNOWN,UNKNOWN,UNKNOWN,UNKNOWN,UNKNOWN,UNKNOWN,
sample_0250,images/beamage_Friday_February_28_2025_03_27_50.png,laser_resonator_subset_v1,UNKNOWN,UNKNOWN,UNKNOWN,UNKNOWN,UNKNOWN,UNKNOWN,UNKNOWN,UNKNOWN,UNKNOWN,UNKNOWN,
sample_0251,images/beamage_Friday_February_28_2025_03_29_50.png,laser_resonator_subset_v1,UNKNOWN,UNKNOWN,UNKNOWN,UNKNOWN,UNKNOWN,UNKNOWN,UNKNOWN,UNKNOWN,UNKNOWN,UNKNOWN,
sample_0252,images/beamage_Friday_February_28_2025_03_31_51.png,laser_resonator_subset_v1,UNKNOWN,UNKNOWN,UNKNOWN,UNKNOWN,UNKNOWN,UNKNOWN,UNKNOWN,UNKNOWN,UNKNOWN,UNKNOWN,
sample_0253,images/beamage_Friday_February_28_2025_03_33_51.png,laser_resonator_subset_v1,UNKNOWN,UNKNOWN,UNKNOWN,UNKNOWN,UNKNOWN,UNKNOWN,UNKNOWN,UNKNOWN,UNKNOWN,UNKNOWN,
sample_0254,images/beamage_Friday_February_28_2025_03_35_51.png,laser_resonator_subset_v1,UNKNOWN,UNKNOWN,UNKNOWN,UNKNOWN,UNKNOWN,UNKNOWN,UNKNOWN,UNKNOWN,UNKNOWN,UNKNOWN,
sample_0255,images/beamage_Friday_February_28_2025_03_37_52.png,laser_resonator_subset_v1,UNKNOWN,UNKNOWN,UNKNOWN,UNKNOWN,UNKNOWN,UNKNOWN,UNKNOWN,UNKNOWN,UNKNOWN,UNKNOWN,
sample_0256,images/beamage_Friday_February_28_2025_03_39_52.png,laser_resonator_subset_v1,UNKNOWN,UNKNOWN,UNKNOWN,UNKNOWN,UNKNOWN,UNKNOWN,UNKNOWN,UNKNOWN,UNKNOWN,UNKNOWN,
sample_0257,images/beamage_Friday_February_28_2025_03_41_52.png,laser_resonator_subset_v1,UNKNOWN,UNKNOWN,UNKNOWN,UNKNOWN,UNKNOWN,UNKNOWN,UNKNOWN,UNKNOWN,UNKNOWN,UNKNOWN,
sample_0258,images/beamage_Friday_February_28_2025_03_43_53.png,laser_resonator_subset_v1,UNKNOWN,UNKNOWN,UNKNOWN,UNKNOWN,UNKNOWN,UNKNOWN,UNKNOWN,UNKNOWN,UNKNOWN,UNKNOWN,
sample_0259,images/beamage_Friday_February_28_2025_03_46_12.png,laser_resonator_subset_v1,UNKNOWN,UNKNOWN,UNKNOWN,UNKNOWN,UNKNOWN,UNKNOWN,UNKNOWN,UNKNOWN,UNKNOWN,UNKNOWN,
sample_0260,images/beamage_Friday_February_28_2025_03_48_13.png,laser_resonator_subset_v1,UNKNOWN,UNKNOWN,UNKNOWN,UNKNOWN,UNKNOWN,UNKNOWN,UNKNOWN,UNKNOWN,UNKNOWN,UNKNOWN,
sample_0261,images/beamage_Friday_February_28_2025_03_50_13.png,laser_resonator_subset_v1,UNKNOWN,UNKNOWN,UNKNOWN,UNKNOWN,UNKNOWN,UNKNOWN,UNKNOWN,UNKNOWN,UNKNOWN,UNKNOWN,
sample_0262,images/beamage_Friday_February_28_2025_03_52_13.png,laser_resonator_subset_v1,UNKNOWN,UNKNOWN,UNKNOWN,UNKNOWN,UNKNOWN,UNKNOWN,UNKNOWN,UNKNOWN,UNKNOWN,UNKNOWN,
sample_0263,images/beamage_Friday_February_28_2025_03_54_14.png,laser_resonator_subset_v1,UNKNOWN,UNKNOWN,UNKNOWN,UNKNOWN,UNKNOWN,UNKNOWN,UNKNOWN,UNKNOWN,UNKNOWN,UNKNOWN,
sample_0264,images/beamage_Friday_February_28_2025_03_56_14.png,laser_resonator_subset_v1,UNKNOWN,UNKNOWN,UNKNOWN,UNKNOWN,UNKNOWN,UNKNOWN,UNKNOWN,UNKNOWN,UNKNOWN,UNKNOWN,
sample_0265,images/beamage_Friday_February_28_2025_03_58_14.png,laser_resonator_subset_v1,UNKNOWN,UNKNOWN,UNKNOWN,UNKNOWN,UNKNOWN,UNKNOWN,UNKNOWN,UNKNOWN,UNKNOWN,UNKNOWN,
sample_0266,images/beamage_Friday_February_28_2025_04_00_15.png,laser_resonator_subset_v1,UNKNOWN,UNKNOWN,UNKNOWN,UNKNOWN,UNKNOWN,UNKNOWN,UNKNOWN,UNKNOWN,UNKNOWN,UNKNOWN,
sample_0267,images/beamage_Friday_February_28_2025_04_02_15.png,laser_resonator_subset_v1,UNKNOWN,UNKNOWN,UNKNOWN,UNKNOWN,UNKNOWN,UNKNOWN,UNKNOWN,UNKNOWN,UNKNOWN,UNKNOWN,
sample_0268,images/beamage_Friday_February_28_2025_04_04_15.png,laser_resonator_subset_v1,UNKNOWN,UNKNOWN,UNKNOWN,UNKNOWN,UNKNOWN,UNKNOWN,UNKNOWN,UNKNOWN,UNKNOWN,UNKNOWN,
sample_0269,images/beamage_Friday_February_28_2025_04_06_15.png,laser_resonator_subset_v1,UNKNOWN,UNKNOWN,UNKNOWN,UNKNOWN,UNKNOWN,UNKNOWN,UNKNOWN,UNKNOWN,UNKNOWN,UNKNOWN,
sample_0270,images/beamage_Friday_February_28_2025_04_08_35.png,laser_resonator_subset_v1,UNKNOWN,UNKNOWN,UNKNOWN,UNKNOWN,UNKNOWN,UNKNOWN,UNKNOWN,UNKNOWN,UNKNOWN,UNKNOWN,
sample_0271,images/beamage_Friday_February_28_2025_04_10_35.png,laser_resonator_subset_v1,UNKNOWN,UNKNOWN,UNKNOWN,UNKNOWN,UNKNOWN,UNKNOWN,UNKNOWN,UNKNOWN,UNKNOWN,UNKNOWN,
sample_0272,images/beamage_Friday_February_28_2025_04_12_35.png,laser_resonator_subset_v1,UNKNOWN,UNKNOWN,UNKNOWN,UNKNOWN,UNKNOWN,UNKNOWN,UNKNOWN,UNKNOWN,UNKNOWN,UNKNOWN,
sample_0273,images/beamage_Friday_February_28_2025_04_14_36.png,laser_resonator_subset_v1,UNKNOWN,UNKNOWN,UNKNOWN,UNKNOWN,UNKNOWN,UNKNOWN,UNKNOWN,UNKNOWN,UNKNOWN,UNKNOWN,
sample_0274,images/beamage_Friday_February_28_2025_04_16_36.png,laser_resonator_subset_v1,UNKNOWN,UNKNOWN,UNKNOWN,UNKNOWN,UNKNOWN,UNKNOWN,UNKNOWN,UNKNOWN,UNKNOWN,UNKNOWN,
sample_0275,images/beamage_Friday_February_28_2025_04_18_36.png,laser_resonator_subset_v1,UNKNOWN,UNKNOWN,UNKNOWN,UNKNOWN,UNKNOWN,UNKNOWN,UNKNOWN,UNKNOWN,UNKNOWN,UNKNOWN,
sample_0276,images/beamage_Friday_February_28_2025_04_20_37.png,laser_resonator_subset_v1,UNKNOWN,UNKNOWN,UNKNOWN,UNKNOWN,UNKNOWN,UNKNOWN,UNKNOWN,UNKNOWN,UNKNOWN,UNKNOWN,
sample_0277,images/beamage_Friday_February_28_2025_04_22_37.png,laser_resonator_subset_v1,UNKNOWN,UNKNOWN,UNKNOWN,UNKNOWN,UNKNOWN,UNKNOWN,UNKNOWN,UNKNOWN,UNKNOWN,UNKNOWN,
sample_0278,images/beamage_Friday_February_28_2025_04_24_37.png,laser_resonator_subset_v1,UNKNOWN,UNKNOWN,UNKNOWN,UNKNOWN,UNKNOWN,UNKNOWN,UNKNOWN,UNKNOWN,UNKNOWN,UNKNOWN,
sample_0279,images/beamage_Friday_February_28_2025_04_26_37.png,laser_resonator_subset_v1,UNKNOWN,UNKNOWN,UNKNOWN,UNKNOWN,UNKNOWN,UNKNOWN,UNKNOWN,UNKNOWN,UNKNOWN,UNKNOWN,
sample_0280,images/beamage_Friday_February_28_2025_04_30_57.png,laser_resonator_subset_v1,UNKNOWN,UNKNOWN,UNKNOWN,UNKNOWN,UNKNOWN,UNKNOWN,UNKNOWN,UNKNOWN,UNKNOWN,UNKNOWN,
sample_0281,images/beamage_Friday_February_28_2025_04_32_58.png,laser_resonator_subset_v1,UNKNOWN,UNKNOWN,UNKNOWN,UNKNOWN,UNKNOWN,UNKNOWN,UNKNOWN,UNKNOWN,UNKNOWN,UNKNOWN,
sample_0282,images/beamage_Friday_February_28_2025_04_34_58.png,laser_resonator_subset_v1,UNKNOWN,UNKNOWN,UNKNOWN,UNKNOWN,UNKNOWN,UNKNOWN,UNKNOWN,UNKNOWN,UNKNOWN,UNKNOWN,
sample_0283,images/beamage_Friday_February_28_2025_04_36_58.png,laser_resonator_subset_v1,UNKNOWN,UNKNOWN,UNKNOWN,UNKNOWN,UNKNOWN,UNKNOWN,UNKNOWN,UNKNOWN,UNKNOWN,UNKNOWN,
sample_0284,images/beamage_Friday_February_28_2025_04_38_58.png,laser_resonator_subset_v1,UNKNOWN,UNKNOWN,UNKNOWN,UNKNOWN,UNKNOWN,UNKNOWN,UNKNOWN,UNKNOWN,UNKNOWN,UNKNOWN,
sample_0285,images/beamage_Friday_February_28_2025_04_40_59.png,laser_resonator_subset_v1,UNKNOWN,UNKNOWN,UNKNOWN,UNKNOWN,UNKNOWN,UNKNOWN,UNKNOWN,UNKNOWN,UNKNOWN,UNKNOWN,
sample_0286,images/beamage_Friday_February_28_2025_09_53_34.png,laser_resonator_subset_v1,UNKNOWN,UNKNOWN,UNKNOWN,UNKNOWN,UNKNOWN,UNKNOWN,UNKNOWN,UNKNOWN,UNKNOWN,UNKNOWN,
sample_0287,images/beamage_Friday_February_28_2025_09_55_35.png,laser_resonator_subset_v1,UNKNOWN,UNKNOWN,UNKNOWN,UNKNOWN,UNKNOWN,UNKNOWN,UNKNOWN,UNKNOWN,UNKNOWN,UNKNOWN,
sample_0288,images/beamage_Friday_February_28_2025_09_57_35.png,laser_resonator_subset_v1,UNKNOWN,UNKNOWN,UNKNOWN,UNKNOWN,UNKNOWN,UNKNOWN,UNKNOWN,UNKNOWN,UNKNOWN,UNKNOWN,
sample_0289,images/beamage_Friday_February_28_2025_10_01_55.png,laser_resonator_subset_v1,UNKNOWN,UNKNOWN,UNKNOWN,UNKNOWN,UNKNOWN,UNKNOWN,UNKNOWN,UNKNOWN,UNKNOWN,UNKNOWN,
sample_0290,images/beamage_Friday_February_28_2025_10_03_55.png,laser_resonator_subset_v1,UNKNOWN,UNKNOWN,UNKNOWN,UNKNOWN,UNKNOWN,UNKNOWN,UNKNOWN,UNKNOWN,UNKNOWN,UNKNOWN,
sample_0291,images/beamage_Friday_February_28_2025_10_05_55.png,laser_resonator_subset_v1,UNKNOWN,UNKNOWN,UNKNOWN,UNKNOWN,UNKNOWN,UNKNOWN,UNKNOWN,UNKNOWN,UNKNOWN,UNKNOWN,
sample_0292,images/beamage_Friday_February_28_2025_10_07_56.png,laser_resonator_subset_v1,UNKNOWN,UNKNOWN,UNKNOWN,UNKNOWN,UNKNOWN,UNKNOWN,UNKNOWN,UNKNOWN,UNKNOWN,UNKNOWN,
sample_0293,images/beamage_Friday_February_28_2025_10_09_56.png,laser_resonator_subset_v1,UNKNOWN,UNKNOWN,UNKNOWN,UNKNOWN,UNKNOWN,UNKNOWN,UNKNOWN,UNKNOWN,UNKNOWN,UNKNOWN,
sample_0294,images/beamage_Friday_February_28_2025_10_11_56.png,laser_resonator_subset_v1,UNKNOWN,UNKNOWN,UNKNOWN,UNKNOWN,UNKNOWN,UNKNOWN,UNKNOWN,UNKNOWN,UNKNOWN,UNKNOWN,
sample_0295,images/beamage_Friday_February_28_2025_10_13_56.png,laser_resonator_subset_v1,UNKNOWN,UNKNOWN,UNKNOWN,UNKNOWN,UNKNOWN,UNKNOWN,UNKNOWN,UNKNOWN,UNKNOWN,UNKNOWN,
sample_0296,images/beamage_Friday_February_28_2025_10_15_57.png,laser_resonator_subset_v1,UNKNOWN,UNKNOWN,UNKNOWN,UNKNOWN,UNKNOWN,UNKNOWN,UNKNOWN,UNKNOWN,UNKNOWN,UNKNOWN,
sample_0297,images/beamage_Friday_February_28_2025_10_17_57.png,laser_resonator_subset_v1,UNKNOWN,UNKNOWN,UNKNOWN,UNKNOWN,UNKNOWN,UNKNOWN,UNKNOWN,UNKNOWN,UNKNOWN,UNKNOWN,
sample_0298,images/beamage_Friday_February_28_2025_10_19_57.png,laser_resonator_subset_v1,UNKNOWN,UNKNOWN,UNKNOWN,UNKNOWN,UNKNOWN,UNKNOWN,UNKNOWN,UNKNOWN,UNKNOWN,UNKNOWN,
sample_0299,images/beamage_Friday_February_28_2025_10_21_58.png,laser_resonator_subset_v1,UNKNOWN,UNKNOWN,UNKNOWN,UNKNOWN,UNKNOWN,UNKNOWN,UNKNOWN,UNKNOWN,UNKNOWN,UNKNOWN,
sample_0300,images/beamage_Friday_February_28_2025_10_24_17.png,laser_resonator_subset_v1,UNKNOWN,UNKNOWN,UNKNOWN,UNKNOWN,UNKNOWN,UNKNOWN,UNKNOWN,UNKNOWN,UNKNOWN,UNKNOWN,
sample_0301,images/beamage_Friday_February_28_2025_10_26_18.png,laser_resonator_subset_v1,UNKNOWN,UNKNOWN,UNKNOWN,UNKNOWN,UNKNOWN,UNKNOWN,UNKNOWN,UNKNOWN,UNKNOWN,UNKNOWN,
sample_0302,images/beamage_Friday_February_28_2025_10_28_18.png,laser_resonator_subset_v1,UNKNOWN,UNKNOWN,UNKNOWN,UNKNOWN,UNKNOWN,UNKNOWN,UNKNOWN,UNKNOWN,UNKNOWN,UNKNOWN,
sample_0303,images/beamage_Friday_February_28_2025_10_30_18.png,laser_resonator_subset_v1,UNKNOWN,UNKNOWN,UNKNOWN,UNKNOWN,UNKNOWN,UNKNOWN,UNKNOWN,UNKNOWN,UNKNOWN,UNKNOWN,
sample_0304,images/beamage_Friday_February_28_2025_10_32_18.png,laser_resonator_subset_v1,UNKNOWN,UNKNOWN,UNKNOWN,UNKNOWN,UNKNOWN,UNKNOWN,UNKNOWN,UNKNOWN,UNKNOWN,UNKNOWN,
sample_0305,images/beamage_Friday_February_28_2025_10_34_19.png,laser_resonator_subset_v1,UNKNOWN,UNKNOWN,UNKNOWN,UNKNOWN,UNKNOWN,UNKNOWN,UNKNOWN,UNKNOWN,UNKNOWN,UNKNOWN,
sample_0306,images/beamage_Friday_February_28_2025_10_36_19.png,laser_resonator_subset_v1,UNKNOWN,UNKNOWN,UNKNOWN,UNKNOWN,UNKNOWN,UNKNOWN,UNKNOWN,UNKNOWN,UNKNOWN,UNKNOWN,
sample_0307,images/beamage_Friday_February_28_2025_10_38_19.png,laser_resonator_subset_v1,UNKNOWN,UNKNOWN,UNKNOWN,UNKNOWN,UNKNOWN,UNKNOWN,UNKNOWN,UNKNOWN,UNKNOWN,UNKNOWN,
sample_0308,images/beamage_Friday_February_28_2025_10_40_20.png,laser_resonator_subset_v1,UNKNOWN,UNKNOWN,UNKNOWN,UNKNOWN,UNKNOWN,UNKNOWN,UNKNOWN,UNKNOWN,UNKNOWN,UNKNOWN,
sample_0309,images/beamage_Friday_February_28_2025_10_42_20.png,laser_resonator_subset_v1,UNKNOWN,UNKNOWN,UNKNOWN,UNKNOWN,UNKNOWN,UNKNOWN,UNKNOWN,UNKNOWN,UNKNOWN,UNKNOWN,
sample_0310,images/beamage_Friday_February_28_2025_10_44_20.png,laser_resonator_subset_v1,UNKNOWN,UNKNOWN,UNKNOWN,UNKNOWN,UNKNOWN,UNKNOWN,UNKNOWN,UNKNOWN,UNKNOWN,UNKNOWN,
sample_0311,images/beamage_Friday_February_28_2025_10_46_40.png,laser_resonator_subset_v1,UNKNOWN,UNKNOWN,UNKNOWN,UNKNOWN,UNKNOWN,UNKNOWN,UNKNOWN,UNKNOWN,UNKNOWN,UNKNOWN,
sample_0312,images/beamage_Friday_February_28_2025_10_48_40.png,laser_resonator_subset_v1,UNKNOWN,UNKNOWN,UNKNOWN,UNKNOWN,UNKNOWN,UNKNOWN,UNKNOWN,UNKNOWN,UNKNOWN,UNKNOWN,
sample_0313,images/beamage_Friday_February_28_2025_10_50_40.png,laser_resonator_subset_v1,UNKNOWN,UNKNOWN,UNKNOWN,UNKNOWN,UNKNOWN,UNKNOWN,UNKNOWN,UNKNOWN,UNKNOWN,UNKNOWN,
sample_0314,images/beamage_Friday_February_28_2025_10_52_41.png,laser_resonator_subset_v1,UNKNOWN,UNKNOWN,UNKNOWN,UNKNOWN,UNKNOWN,UNKNOWN,UNKNOWN,UNKNOWN,UNKNOWN,UNKNOWN,
sample_0315,images/beamage_Friday_February_28_2025_10_54_41.png,laser_resonator_subset_v1,UNKNOWN,UNKNOWN,UNKNOWN,UNKNOWN,UNKNOWN,UNKNOWN,UNKNOWN,UNKNOWN,UNKNOWN,UNKNOWN,
sample_0316,images/beamage_Friday_February_28_2025_10_56_41.png,laser_resonator_subset_v1,UNKNOWN,UNKNOWN,UNKNOWN,UNKNOWN,UNKNOWN,UNKNOWN,UNKNOWN,UNKNOWN,UNKNOWN,UNKNOWN,
sample_0317,images/beamage_Friday_February_28_2025_10_58_41.png,laser_resonator_subset_v1,UNKNOWN,UNKNOWN,UNKNOWN,UNKNOWN,UNKNOWN,UNKNOWN,UNKNOWN,UNKNOWN,UNKNOWN,UNKNOWN,
sample_0318,images/beamage_Friday_February_28_2025_11_00_42.png,laser_resonator_subset_v1,UNKNOWN,UNKNOWN,UNKNOWN,UNKNOWN,UNKNOWN,UNKNOWN,UNKNOWN,UNKNOWN,UNKNOWN,UNKNOWN,
sample_0319,images/beamage_Friday_February_28_2025_11_02_42.png,laser_resonator_subset_v1,UNKNOWN,UNKNOWN,UNKNOWN,UNKNOWN,UNKNOWN,UNKNOWN,UNKNOWN,UNKNOWN,UNKNOWN,UNKNOWN,
sample_0320,images/beamage_Friday_February_28_2025_11_04_42.png,laser_resonator_subset_v1,UNKNOWN,UNKNOWN,UNKNOWN,UNKNOWN,UNKNOWN,UNKNOWN,UNKNOWN,UNKNOWN,UNKNOWN,UNKNOWN,
sample_0321,images/beamage_Friday_February_28_2025_11_11_03.png,laser_resonator_subset_v1,UNKNOWN,UNKNOWN,UNKNOWN,UNKNOWN,UNKNOWN,UNKNOWN,UNKNOWN,UNKNOWN,UNKNOWN,UNKNOWN,
sample_0322,images/beamage_Friday_February_28_2025_11_13_03.png,laser_resonator_subset_v1,UNKNOWN,UNKNOWN,UNKNOWN,UNKNOWN,UNKNOWN,UNKNOWN,UNKNOWN,UNKNOWN,UNKNOWN,UNKNOWN,
sample_0323,images/beamage_Friday_February_28_2025_11_15_03.png,laser_resonator_subset_v1,UNKNOWN,UNKNOWN,UNKNOWN,UNKNOWN,UNKNOWN,UNKNOWN,UNKNOWN,UNKNOWN,UNKNOWN,UNKNOWN,
sample_0324,images/beamage_Friday_February_28_2025_11_17_03.png,laser_resonator_subset_v1,UNKNOWN,UNKNOWN,UNKNOWN,UNKNOWN,UNKNOWN,UNKNOWN,UNKNOWN,UNKNOWN,UNKNOWN,UNKNOWN,
sample_0325,images/beamage_Friday_February_28_2025_11_19_04.png,laser_resonator_subset_v1,UNKNOWN,UNKNOWN,UNKNOWN,UNKNOWN,UNKNOWN,UNKNOWN,UNKNOWN,UNKNOWN,UNKNOWN,UNKNOWN,
sample_0326,images/beamage_Friday_February_28_2025_11_28_29.png,laser_resonator_subset_v1,UNKNOWN,UNKNOWN,UNKNOWN,UNKNOWN,UNKNOWN,UNKNOWN,UNKNOWN,UNKNOWN,UNKNOWN,UNKNOWN,
sample_0327,images/beamage_Friday_February_28_2025_11_30_30.png,laser_resonator_subset_v1,UNKNOWN,UNKNOWN,UNKNOWN,UNKNOWN,UNKNOWN,UNKNOWN,UNKNOWN,UNKNOWN,UNKNOWN,UNKNOWN,
sample_0328,images/beamage_Friday_February_28_2025_11_32_30.png,laser_resonator_subset_v1,UNKNOWN,UNKNOWN,UNKNOWN,UNKNOWN,UNKNOWN,UNKNOWN,UNKNOWN,UNKNOWN,UNKNOWN,UNKNOWN,
sample_0329,images/beamage_Friday_February_28_2025_11_34_30.png,laser_resonator_subset_v1,UNKNOWN,UNKNOWN,UNKNOWN,UNKNOWN,UNKNOWN,UNKNOWN,UNKNOWN,UNKNOWN,UNKNOWN,UNKNOWN,
sample_0330,images/beamage_Friday_February_28_2025_11_40_50.png,laser_resonator_subset_v1,UNKNOWN,UNKNOWN,UNKNOWN,UNKNOWN,UNKNOWN,UNKNOWN,UNKNOWN,UNKNOWN,UNKNOWN,UNKNOWN,
sample_0331,images/beamage_Friday_February_28_2025_11_44_51.png,laser_resonator_subset_v1,UNKNOWN,UNKNOWN,UNKNOWN,UNKNOWN,UNKNOWN,UNKNOWN,UNKNOWN,UNKNOWN,UNKNOWN,UNKNOWN,
sample_0332,images/beamage_Friday_February_28_2025_11_46_51.png,laser_resonator_subset_v1,UNKNOWN,UNKNOWN,UNKNOWN,UNKNOWN,UNKNOWN,UNKNOWN,UNKNOWN,UNKNOWN,UNKNOWN,UNKNOWN,
sample_0333,images/beamage_Friday_February_28_2025_11_48_51.png,laser_resonator_subset_v1,UNKNOWN,UNKNOWN,UNKNOWN,UNKNOWN,UNKNOWN,UNKNOWN,UNKNOWN,UNKNOWN,UNKNOWN,UNKNOWN,
sample_0334,images/beamage_Friday_February_28_2025_11_50_52.png,laser_resonator_subset_v1,UNKNOWN,UNKNOWN,UNKNOWN,UNKNOWN,UNKNOWN,UNKNOWN,UNKNOWN,UNKNOWN,UNKNOWN,UNKNOWN,
sample_0335,images/beamage_Friday_February_28_2025_11_52_52.png,laser_resonator_subset_v1,UNKNOWN,UNKNOWN,UNKNOWN,UNKNOWN,UNKNOWN,UNKNOWN,UNKNOWN,UNKNOWN,UNKNOWN,UNKNOWN,
sample_0336,images/beamage_Friday_February_28_2025_11_54_52.png,laser_resonator_subset_v1,UNKNOWN,UNKNOWN,UNKNOWN,UNKNOWN,UNKNOWN,UNKNOWN,UNKNOWN,UNKNOWN,UNKNOWN,UNKNOWN,
sample_0337,images/beamage_Friday_February_28_2025_11_56_53.png,laser_resonator_subset_v1,UNKNOWN,UNKNOWN,UNKNOWN,UNKNOWN,UNKNOWN,UNKNOWN,UNKNOWN,UNKNOWN,UNKNOWN,UNKNOWN,
sample_0338,images/beamage_Friday_February_28_2025_11_58_53.png,laser_resonator_subset_v1,UNKNOWN,UNKNOWN,UNKNOWN,UNKNOWN,UNKNOWN,UNKNOWN,UNKNOWN,UNKNOWN,UNKNOWN,UNKNOWN,
sample_0339,images/beamage_Friday_February_28_2025_13_25_46.png,laser_resonator_subset_v1,UNKNOWN,UNKNOWN,UNKNOWN,UNKNOWN,UNKNOWN,UNKNOWN,UNKNOWN,UNKNOWN,UNKNOWN,UNKNOWN,
sample_0340,images/beamage_Friday_February_28_2025_13_27_46.png,laser_resonator_subset_v1,UNKNOWN,UNKNOWN,UNKNOWN,UNKNOWN,UNKNOWN,UNKNOWN,UNKNOWN,UNKNOWN,UNKNOWN,UNKNOWN,
sample_0341,images/beamage_Friday_February_28_2025_13_48_08.png,laser_resonator_subset_v1,UNKNOWN,UNKNOWN,UNKNOWN,UNKNOWN,UNKNOWN,UNKNOWN,UNKNOWN,UNKNOWN,UNKNOWN,UNKNOWN,
sample_0342,images/beamage_Friday_February_28_2025_13_50_09.png,laser_resonator_subset_v1,UNKNOWN,UNKNOWN,UNKNOWN,UNKNOWN,UNKNOWN,UNKNOWN,UNKNOWN,UNKNOWN,UNKNOWN,UNKNOWN,
sample_0343,images/beamage_Friday_February_28_2025_13_52_09.png,laser_resonator_subset_v1,UNKNOWN,UNKNOWN,UNKNOWN,UNKNOWN,UNKNOWN,UNKNOWN,UNKNOWN,UNKNOWN,UNKNOWN,UNKNOWN,
sample_0344,images/beamage_Friday_February_28_2025_14_10_31.png,laser_resonator_subset_v1,UNKNOWN,UNKNOWN,UNKNOWN,UNKNOWN,UNKNOWN,UNKNOWN,UNKNOWN,UNKNOWN,UNKNOWN,UNKNOWN,
sample_0345,images/beamage_Friday_February_28_2025_14_12_31.png,laser_resonator_subset_v1,UNKNOWN,UNKNOWN,UNKNOWN,UNKNOWN,UNKNOWN,UNKNOWN,UNKNOWN,UNKNOWN,UNKNOWN,UNKNOWN,
sample_0346,images/beamage_Friday_February_28_2025_16_14_07.png,laser_resonator_subset_v1,UNKNOWN,UNKNOWN,UNKNOWN,UNKNOWN,UNKNOWN,UNKNOWN,UNKNOWN,UNKNOWN,UNKNOWN,UNKNOWN,
sample_0347,images/beamage_Friday_February_28_2025_16_16_07.png,laser_resonator_subset_v1,UNKNOWN,UNKNOWN,UNKNOWN,UNKNOWN,UNKNOWN,UNKNOWN,UNKNOWN,UNKNOWN,UNKNOWN,UNKNOWN,
sample_0348,images/beamage_Friday_February_28_2025_16_18_07.png,laser_resonator_subset_v1,UNKNOWN,UNKNOWN,UNKNOWN,UNKNOWN,UNKNOWN,UNKNOWN,UNKNOWN,UNKNOWN,UNKNOWN,UNKNOWN,
sample_0349,images/beamage_Friday_February_28_2025_16_20_08.png,laser_resonator_subset_v1,UNKNOWN,UNKNOWN,UNKNOWN,UNKNOWN,UNKNOWN,UNKNOWN,UNKNOWN,UNKNOWN,UNKNOWN,UNKNOWN,
sample_0350,images/beamage_Friday_February_28_2025_16_22_08.png,laser_resonator_subset_v1,UNKNOWN,UNKNOWN,UNKNOWN,UNKNOWN,UNKNOWN,UNKNOWN,UNKNOWN,UNKNOWN,UNKNOWN,UNKNOWN,
sample_0351,images/beamage_Friday_February_28_2025_16_24_08.png,laser_resonator_subset_v1,UNKNOWN,UNKNOWN,UNKNOWN,UNKNOWN,UNKNOWN,UNKNOWN,UNKNOWN,UNKNOWN,UNKNOWN,UNKNOWN,
sample_0352,images/beamage_Friday_February_28_2025_16_26_09.png,laser_resonator_subset_v1,UNKNOWN,UNKNOWN,UNKNOWN,UNKNOWN,UNKNOWN,UNKNOWN,UNKNOWN,UNKNOWN,UNKNOWN,UNKNOWN,
sample_0353,images/beamage_Friday_February_28_2025_16_28_09.png,laser_resonator_subset_v1,UNKNOWN,UNKNOWN,UNKNOWN,UNKNOWN,UNKNOWN,UNKNOWN,UNKNOWN,UNKNOWN,UNKNOWN,UNKNOWN,
sample_0354,images/beamage_Friday_February_28_2025_16_30_09.png,laser_resonator_subset_v1,UNKNOWN,UNKNOWN,UNKNOWN,UNKNOWN,UNKNOWN,UNKNOWN,UNKNOWN,UNKNOWN,UNKNOWN,UNKNOWN,
sample_0355,images/beamage_Friday_February_28_2025_16_38_29.png,laser_resonator_subset_v1,UNKNOWN,UNKNOWN,UNKNOWN,UNKNOWN,UNKNOWN,UNKNOWN,UNKNOWN,UNKNOWN,UNKNOWN,UNKNOWN,
sample_0356,images/beamage_Friday_February_28_2025_16_40_30.png,laser_resonator_subset_v1,UNKNOWN,UNKNOWN,UNKNOWN,UNKNOWN,UNKNOWN,UNKNOWN,UNKNOWN,UNKNOWN,UNKNOWN,UNKNOWN,
sample_0357,images/beamage_Friday_February_28_2025_16_42_30.png,laser_resonator_subset_v1,UNKNOWN,UNKNOWN,UNKNOWN,UNKNOWN,UNKNOWN,UNKNOWN,UNKNOWN,UNKNOWN,UNKNOWN,UNKNOWN,
sample_0358,images/beamage_Friday_February_28_2025_16_44_30.png,laser_resonator_subset_v1,UNKNOWN,UNKNOWN,UNKNOWN,UNKNOWN,UNKNOWN,UNKNOWN,UNKNOWN,UNKNOWN,UNKNOWN,UNKNOWN,
sample_0359,images/beamage_Friday_February_28_2025_16_46_31.png,laser_resonator_subset_v1,UNKNOWN,UNKNOWN,UNKNOWN,UNKNOWN,UNKNOWN,UNKNOWN,UNKNOWN,UNKNOWN,UNKNOWN,UNKNOWN,
sample_0360,images/beamage_Friday_February_28_2025_16_48_31.png,laser_resonator_subset_v1,UNKNOWN,UNKNOWN,UNKNOWN,UNKNOWN,UNKNOWN,UNKNOWN,UNKNOWN,UNKNOWN,UNKNOWN,UNKNOWN,
sample_0361,images/beamage_Friday_February_28_2025_16_50_31.png,laser_resonator_subset_v1,UNKNOWN,UNKNOWN,UNKNOWN,UNKNOWN,UNKNOWN,UNKNOWN,UNKNOWN,UNKNOWN,UNKNOWN,UNKNOWN,
sample_0362,images/beamage_Friday_February_28_2025_16_58_52.png,laser_resonator_subset_v1,UNKNOWN,UNKNOWN,UNKNOWN,UNKNOWN,UNKNOWN,UNKNOWN,UNKNOWN,UNKNOWN,UNKNOWN,UNKNOWN,
sample_0363,images/beamage_Friday_February_28_2025_17_00_52.png,laser_resonator_subset_v1,UNKNOWN,UNKNOWN,UNKNOWN,UNKNOWN,UNKNOWN,UNKNOWN,UNKNOWN,UNKNOWN,UNKNOWN,UNKNOWN,
sample_0364,images/beamage_Friday_February_28_2025_17_02_53.png,laser_resonator_subset_v1,UNKNOWN,UNKNOWN,UNKNOWN,UNKNOWN,UNKNOWN,UNKNOWN,UNKNOWN,UNKNOWN,UNKNOWN,UNKNOWN,
sample_0365,images/beamage_Friday_February_28_2025_17_04_53.png,laser_resonator_subset_v1,UNKNOWN,UNKNOWN,UNKNOWN,UNKNOWN,UNKNOWN,UNKNOWN,UNKNOWN,UNKNOWN,UNKNOWN,UNKNOWN,
sample_0366,images/beamage_Friday_February_28_2025_17_06_54.png,laser_resonator_subset_v1,UNKNOWN,UNKNOWN,UNKNOWN,UNKNOWN,UNKNOWN,UNKNOWN,UNKNOWN,UNKNOWN,UNKNOWN,UNKNOWN,
sample_0367,images/beamage_Friday_February_28_2025_17_08_54.png,laser_resonator_subset_v1,UNKNOWN,UNKNOWN,UNKNOWN,UNKNOWN,UNKNOWN,UNKNOWN,UNKNOWN,UNKNOWN,UNKNOWN,UNKNOWN,
sample_0368,images/beamage_Friday_February_28_2025_17_10_54.png,laser_resonator_subset_v1,UNKNOWN,UNKNOWN,UNKNOWN,UNKNOWN,UNKNOWN,UNKNOWN,UNKNOWN,UNKNOWN,UNKNOWN,UNKNOWN,
sample_0369,images/beamage_Friday_February_28_2025_17_12_55.png,laser_resonator_subset_v1,UNKNOWN,UNKNOWN,UNKNOWN,UNKNOWN,UNKNOWN,UNKNOWN,UNKNOWN,UNKNOWN,UNKNOWN,UNKNOWN,
sample_0370,images/beamage_Friday_February_28_2025_17_14_55.png,laser_resonator_subset_v1,UNKNOWN,UNKNOWN,UNKNOWN,UNKNOWN,UNKNOWN,UNKNOWN,UNKNOWN,UNKNOWN,UNKNOWN,UNKNOWN,
sample_0371,images/beamage_Friday_February_28_2025_17_21_16.png,laser_resonator_subset_v1,UNKNOWN,UNKNOWN,UNKNOWN,UNKNOWN,UNKNOWN,UNKNOWN,UNKNOWN,UNKNOWN,UNKNOWN,UNKNOWN,
sample_0372,images/beamage_Friday_February_28_2025_17_23_16.png,laser_resonator_subset_v1,UNKNOWN,UNKNOWN,UNKNOWN,UNKNOWN,UNKNOWN,UNKNOWN,UNKNOWN,UNKNOWN,UNKNOWN,UNKNOWN,
sample_0373,images/beamage_Friday_February_28_2025_17_25_16.png,laser_resonator_subset_v1,UNKNOWN,UNKNOWN,UNKNOWN,UNKNOWN,UNKNOWN,UNKNOWN,UNKNOWN,UNKNOWN,UNKNOWN,UNKNOWN,
sample_0374,images/beamage_Friday_February_28_2025_17_27_17.png,laser_resonator_subset_v1,UNKNOWN,UNKNOWN,UNKNOWN,UNKNOWN,UNKNOWN,UNKNOWN,UNKNOWN,UNKNOWN,UNKNOWN,UNKNOWN,
sample_0375,images/beamage_Friday_February_28_2025_17_29_17.png,laser_resonator_subset_v1,UNKNOWN,UNKNOWN,UNKNOWN,UNKNOWN,UNKNOWN,UNKNOWN,UNKNOWN,UNKNOWN,UNKNOWN,UNKNOWN,
sample_0376,images/beamage_Friday_February_28_2025_17_31_17.png,laser_resonator_subset_v1,UNKNOWN,UNKNOWN,UNKNOWN,UNKNOWN,UNKNOWN,UNKNOWN,UNKNOWN,UNKNOWN,UNKNOWN,UNKNOWN,
sample_0377,images/beamage_Friday_February_28_2025_17_33_18.png,laser_resonator_subset_v1,UNKNOWN,UNKNOWN,UNKNOWN,UNKNOWN,UNKNOWN,UNKNOWN,UNKNOWN,UNKNOWN,UNKNOWN,UNKNOWN,
sample_0378,images/beamage_Friday_February_28_2025_17_35_18.png,laser_resonator_subset_v1,UNKNOWN,UNKNOWN,UNKNOWN,UNKNOWN,UNKNOWN,UNKNOWN,UNKNOWN,UNKNOWN,UNKNOWN,UNKNOWN,
sample_0379,images/beamage_Friday_February_28_2025_17_37_18.png,laser_resonator_subset_v1,UNKNOWN,UNKNOWN,UNKNOWN,UNKNOWN,UNKNOWN,UNKNOWN,UNKNOWN,UNKNOWN,UNKNOWN,UNKNOWN,
sample_0380,images/beamage_Friday_February_28_2025_17_43_38.png,laser_resonator_subset_v1,UNKNOWN,UNKNOWN,UNKNOWN,UNKNOWN,UNKNOWN,UNKNOWN,UNKNOWN,UNKNOWN,UNKNOWN,UNKNOWN,
sample_0381,images/beamage_Friday_February_28_2025_17_45_39.png,laser_resonator_subset_v1,UNKNOWN,UNKNOWN,UNKNOWN,UNKNOWN,UNKNOWN,UNKNOWN,UNKNOWN,UNKNOWN,UNKNOWN,UNKNOWN,
sample_0382,images/beamage_Friday_February_28_2025_17_47_39.png,laser_resonator_subset_v1,UNKNOWN,UNKNOWN,UNKNOWN,UNKNOWN,UNKNOWN,UNKNOWN,UNKNOWN,UNKNOWN,UNKNOWN,UNKNOWN,
sample_0383,images/beamage_Friday_February_28_2025_17_49_39.png,laser_resonator_subset_v1,UNKNOWN,UNKNOWN,UNKNOWN,UNKNOWN,UNKNOWN,UNKNOWN,UNKNOWN,UNKNOWN,UNKNOWN,UNKNOWN,
sample_0384,images/beamage_Friday_February_28_2025_17_51_39.png,laser_resonator_subset_v1,UNKNOWN,UNKNOWN,UNKNOWN,UNKNOWN,UNKNOWN,UNKNOWN,UNKNOWN,UNKNOWN,UNKNOWN,UNKNOWN,
sample_0385,images/beamage_Friday_February_28_2025_17_53_40.png,laser_resonator_subset_v1,UNKNOWN,UNKNOWN,UNKNOWN,UNKNOWN,UNKNOWN,UNKNOWN,UNKNOWN,UNKNOWN,UNKNOWN,UNKNOWN,
sample_0386,images/beamage_Friday_February_28_2025_17_55_40.png,laser_resonator_subset_v1,UNKNOWN,UNKNOWN,UNKNOWN,UNKNOWN,UNKNOWN,UNKNOWN,UNKNOWN,UNKNOWN,UNKNOWN,UNKNOWN,
sample_0387,images/beamage_Friday_February_28_2025_17_57_40.png,laser_resonator_subset_v1,UNKNOWN,UNKNOWN,UNKNOWN,UNKNOWN,UNKNOWN,UNKNOWN,UNKNOWN,UNKNOWN,UNKNOWN,UNKNOWN,
sample_0388,images/beamage_Friday_February_28_2025_18_06_00.png,laser_resonator_subset_v1,UNKNOWN,UNKNOWN,UNKNOWN,UNKNOWN,UNKNOWN,UNKNOWN,UNKNOWN,UNKNOWN,UNKNOWN,UNKNOWN,
sample_0389,images/beamage_Friday_February_28_2025_18_08_01.png,laser_resonator_subset_v1,UNKNOWN,UNKNOWN,UNKNOWN,UNKNOWN,UNKNOWN,UNKNOWN,UNKNOWN,UNKNOWN,UNKNOWN,UNKNOWN,
sample_0390,images/beamage_Friday_February_28_2025_18_10_01.png,laser_resonator_subset_v1,UNKNOWN,UNKNOWN,UNKNOWN,UNKNOWN,UNKNOWN,UNKNOWN,UNKNOWN,UNKNOWN,UNKNOWN,UNKNOWN,
sample_0391,images/beamage_Friday_February_28_2025_18_12_01.png,laser_resonator_subset_v1,UNKNOWN,UNKNOWN,UNKNOWN,UNKNOWN,UNKNOWN,UNKNOWN,UNKNOWN,UNKNOWN,UNKNOWN,UNKNOWN,
sample_0392,images/beamage_Friday_February_28_2025_18_14_02.png,laser_resonator_subset_v1,UNKNOWN,UNKNOWN,UNKNOWN,UNKNOWN,UNKNOWN,UNKNOWN,UNKNOWN,UNKNOWN,UNKNOWN,UNKNOWN,
sample_0393,images/beamage_Friday_February_28_2025_18_16_02.png,laser_resonator_subset_v1,UNKNOWN,UNKNOWN,UNKNOWN,UNKNOWN,UNKNOWN,UNKNOWN,UNKNOWN,UNKNOWN,UNKNOWN,UNKNOWN,
sample_0394,images/beamage_Friday_February_28_2025_18_18_02.png,laser_resonator_subset_v1,UNKNOWN,UNKNOWN,UNKNOWN,UNKNOWN,UNKNOWN,UNKNOWN,UNKNOWN,UNKNOWN,UNKNOWN,UNKNOWN,
sample_0395,images/beamage_Friday_February_28_2025_18_20_03.png,laser_resonator_subset_v1,UNKNOWN,UNKNOWN,UNKNOWN,UNKNOWN,UNKNOWN,UNKNOWN,UNKNOWN,UNKNOWN,UNKNOWN,UNKNOWN,
sample_0396,images/beamage_Friday_February_28_2025_18_22_03.png,laser_resonator_subset_v1,UNKNOWN,UNKNOWN,UNKNOWN,UNKNOWN,UNKNOWN,UNKNOWN,UNKNOWN,UNKNOWN,UNKNOWN,UNKNOWN,
sample_0397,images/beamage_Friday_February_28_2025_18_28_23.png,laser_resonator_subset_v1,UNKNOWN,UNKNOWN,UNKNOWN,UNKNOWN,UNKNOWN,UNKNOWN,UNKNOWN,UNKNOWN,UNKNOWN,UNKNOWN,
sample_0398,images/beamage_Friday_February_28_2025_18_30_23.png,laser_resonator_subset_v1,UNKNOWN,UNKNOWN,UNKNOWN,UNKNOWN,UNKNOWN,UNKNOWN,UNKNOWN,UNKNOWN,UNKNOWN,UNKNOWN,
sample_0399,images/beamage_Friday_February_28_2025_18_32_24.png,laser_resonator_subset_v1,UNKNOWN,UNKNOWN,UNKNOWN,UNKNOWN,UNKNOWN,UNKNOWN,UNKNOWN,UNKNOWN,UNKNOWN,UNKNOWN,
sample_0400,images/beamage_Friday_February_28_2025_18_34_24.png,laser_resonator_subset_v1,UNKNOWN,UNKNOWN,UNKNOWN,UNKNOWN,UNKNOWN,UNKNOWN,UNKNOWN,UNKNOWN,UNKNOWN,UNKNOWN,
sample_0401,images/beamage_Friday_February_28_2025_18_36_24.png,laser_resonator_subset_v1,UNKNOWN,UNKNOWN,UNKNOWN,UNKNOWN,UNKNOWN,UNKNOWN,UNKNOWN,UNKNOWN,UNKNOWN,UNKNOWN,
sample_0402,images/beamage_Friday_February_28_2025_18_38_24.png,laser_resonator_subset_v1,UNKNOWN,UNKNOWN,UNKNOWN,UNKNOWN,UNKNOWN,UNKNOWN,UNKNOWN,UNKNOWN,UNKNOWN,UNKNOWN,
sample_0403,images/beamage_Friday_February_28_2025_18_40_25.png,laser_resonator_subset_v1,UNKNOWN,UNKNOWN,UNKNOWN,UNKNOWN,UNKNOWN,UNKNOWN,UNKNOWN,UNKNOWN,UNKNOWN,UNKNOWN,
sample_0404,images/beamage_Friday_February_28_2025_18_42_25.png,laser_resonator_subset_v1,UNKNOWN,UNKNOWN,UNKNOWN,UNKNOWN,UNKNOWN,UNKNOWN,UNKNOWN,UNKNOWN,UNKNOWN,UNKNOWN,
sample_0405,images/beamage_Friday_February_28_2025_18_44_25.png,laser_resonator_subset_v1,UNKNOWN,UNKNOWN,UNKNOWN,UNKNOWN,UNKNOWN,UNKNOWN,UNKNOWN,UNKNOWN,UNKNOWN,UNKNOWN,
sample_0406,images/beamage_Friday_February_28_2025_18_52_46.png,laser_resonator_subset_v1,UNKNOWN,UNKNOWN,UNKNOWN,UNKNOWN,UNKNOWN,UNKNOWN,UNKNOWN,UNKNOWN,UNKNOWN,UNKNOWN,
sample_0407,images/beamage_Friday_February_28_2025_18_54_46.png,laser_resonator_subset_v1,UNKNOWN,UNKNOWN,UNKNOWN,UNKNOWN,UNKNOWN,UNKNOWN,UNKNOWN,UNKNOWN,UNKNOWN,UNKNOWN,
sample_0408,images/beamage_Friday_February_28_2025_18_56_46.png,laser_resonator_subset_v1,UNKNOWN,UNKNOWN,UNKNOWN,UNKNOWN,UNKNOWN,UNKNOWN,UNKNOWN,UNKNOWN,UNKNOWN,UNKNOWN,
sample_0409,images/beamage_Friday_February_28_2025_18_58_46.png,laser_resonator_subset_v1,UNKNOWN,UNKNOWN,UNKNOWN,UNKNOWN,UNKNOWN,UNKNOWN,UNKNOWN,UNKNOWN,UNKNOWN,UNKNOWN,
sample_0410,images/beamage_Friday_February_28_2025_19_00_47.png,laser_resonator_subset_v1,UNKNOWN,UNKNOWN,UNKNOWN,UNKNOWN,UNKNOWN,UNKNOWN,UNKNOWN,UNKNOWN,UNKNOWN,UNKNOWN,
sample_0411,images/beamage_Friday_February_28_2025_19_02_47.png,laser_resonator_subset_v1,UNKNOWN,UNKNOWN,UNKNOWN,UNKNOWN,UNKNOWN,UNKNOWN,UNKNOWN,UNKNOWN,UNKNOWN,UNKNOWN,
sample_0412,images/beamage_Friday_February_28_2025_19_04_47.png,laser_resonator_subset_v1,UNKNOWN,UNKNOWN,UNKNOWN,UNKNOWN,UNKNOWN,UNKNOWN,UNKNOWN,UNKNOWN,UNKNOWN,UNKNOWN,
sample_0413,images/beamage_Friday_February_28_2025_19_15_08.png,laser_resonator_subset_v1,UNKNOWN,UNKNOWN,UNKNOWN,UNKNOWN,UNKNOWN,UNKNOWN,UNKNOWN,UNKNOWN,UNKNOWN,UNKNOWN,
sample_0414,images/beamage_Friday_February_28_2025_19_17_08.png,laser_resonator_subset_v1,UNKNOWN,UNKNOWN,UNKNOWN,UNKNOWN,UNKNOWN,UNKNOWN,UNKNOWN,UNKNOWN,UNKNOWN,UNKNOWN,
sample_0415,images/beamage_Friday_February_28_2025_19_19_09.png,laser_resonator_subset_v1,UNKNOWN,UNKNOWN,UNKNOWN,UNKNOWN,UNKNOWN,UNKNOWN,UNKNOWN,UNKNOWN,UNKNOWN,UNKNOWN,
sample_0416,images/beamage_Friday_February_28_2025_19_21_09.png,laser_resonator_subset_v1,UNKNOWN,UNKNOWN,UNKNOWN,UNKNOWN,UNKNOWN,UNKNOWN,UNKNOWN,UNKNOWN,UNKNOWN,UNKNOWN,
sample_0417,images/beamage_Friday_February_28_2025_19_23_09.png,laser_resonator_subset_v1,UNKNOWN,UNKNOWN,UNKNOWN,UNKNOWN,UNKNOWN,UNKNOWN,UNKNOWN,UNKNOWN,UNKNOWN,UNKNOWN,
sample_0418,images/beamage_Friday_February_28_2025_19_25_10.png,laser_resonator_subset_v1,UNKNOWN,UNKNOWN,UNKNOWN,UNKNOWN,UNKNOWN,UNKNOWN,UNKNOWN,UNKNOWN,UNKNOWN,UNKNOWN,
sample_0419,images/beamage_Friday_February_28_2025_19_27_10.png,laser_resonator_subset_v1,UNKNOWN,UNKNOWN,UNKNOWN,UNKNOWN,UNKNOWN,UNKNOWN,UNKNOWN,UNKNOWN,UNKNOWN,UNKNOWN,
sample_0420,images/beamage_Friday_February_28_2025_19_29_10.png,laser_resonator_subset_v1,UNKNOWN,UNKNOWN,UNKNOWN,UNKNOWN,UNKNOWN,UNKNOWN,UNKNOWN,UNKNOWN,UNKNOWN,UNKNOWN,
sample_0421,images/beamage_Friday_February_28_2025_19_39_31.png,laser_resonator_subset_v1,UNKNOWN,UNKNOWN,UNKNOWN,UNKNOWN,UNKNOWN,UNKNOWN,UNKNOWN,UNKNOWN,UNKNOWN,UNKNOWN,
sample_0422,images/beamage_Friday_February_28_2025_19_41_31.png,laser_resonator_subset_v1,UNKNOWN,UNKNOWN,UNKNOWN,UNKNOWN,UNKNOWN,UNKNOWN,UNKNOWN,UNKNOWN,UNKNOWN,UNKNOWN,
sample_0423,images/beamage_Friday_February_28_2025_19_43_32.png,laser_resonator_subset_v1,UNKNOWN,UNKNOWN,UNKNOWN,UNKNOWN,UNKNOWN,UNKNOWN,UNKNOWN,UNKNOWN,UNKNOWN,UNKNOWN,
sample_0424,images/beamage_Friday_February_28_2025_19_45_32.png,laser_resonator_subset_v1,UNKNOWN,UNKNOWN,UNKNOWN,UNKNOWN,UNKNOWN,UNKNOWN,UNKNOWN,UNKNOWN,UNKNOWN,UNKNOWN,
sample_0425,images/beamage_Friday_February_28_2025_19_47_32.png,laser_resonator_subset_v1,UNKNOWN,UNKNOWN,UNKNOWN,UNKNOWN,UNKNOWN,UNKNOWN,UNKNOWN,UNKNOWN,UNKNOWN,UNKNOWN,
sample_0426,images/beamage_Friday_February_28_2025_19_49_33.png,laser_resonator_subset_v1,UNKNOWN,UNKNOWN,UNKNOWN,UNKNOWN,UNKNOWN,UNKNOWN,UNKNOWN,UNKNOWN,UNKNOWN,UNKNOWN,
sample_0427,images/beamage_Friday_February_28_2025_20_05_54.png,laser_resonator_subset_v1,UNKNOWN,UNKNOWN,UNKNOWN,UNKNOWN,UNKNOWN,UNKNOWN,UNKNOWN,UNKNOWN,UNKNOWN,UNKNOWN,
sample_0428,images/beamage_Friday_February_28_2025_20_07_55.png,laser_resonator_subset_v1,UNKNOWN,UNKNOWN,UNKNOWN,UNKNOWN,UNKNOWN,UNKNOWN,UNKNOWN,UNKNOWN,UNKNOWN,UNKNOWN,
sample_0429,images/beamage_Friday_February_28_2025_20_09_55.png,laser_resonator_subset_v1,UNKNOWN,UNKNOWN,UNKNOWN,UNKNOWN,UNKNOWN,UNKNOWN,UNKNOWN,UNKNOWN,UNKNOWN,UNKNOWN,
sample_0430,images/beamage_Friday_February_28_2025_20_11_55.png,laser_resonator_subset_v1,UNKNOWN,UNKNOWN,UNKNOWN,UNKNOWN,UNKNOWN,UNKNOWN,UNKNOWN,UNKNOWN,UNKNOWN,UNKNOWN,
sample_0431,images/beamage_Friday_February_28_2025_20_19_38.png,laser_resonator_subset_v1,UNKNOWN,UNKNOWN,UNKNOWN,UNKNOWN,UNKNOWN,UNKNOWN,UNKNOWN,UNKNOWN,UNKNOWN,UNKNOWN,
sample_0432,images/beamage_Friday_February_28_2025_20_21_39.png,laser_resonator_subset_v1,UNKNOWN,UNKNOWN,UNKNOWN,UNKNOWN,UNKNOWN,UNKNOWN,UNKNOWN,UNKNOWN,UNKNOWN,UNKNOWN,
sample_0433,images/beamage_Friday_February_28_2025_20_23_39.png,laser_resonator_subset_v1,UNKNOWN,UNKNOWN,UNKNOWN,UNKNOWN,UNKNOWN,UNKNOWN,UNKNOWN,UNKNOWN,UNKNOWN,UNKNOWN,
sample_0434,images/beamage_Friday_February_28_2025_20_25_39.png,laser_resonator_subset_v1,UNKNOWN,UNKNOWN,UNKNOWN,UNKNOWN,UNKNOWN,UNKNOWN,UNKNOWN,UNKNOWN,UNKNOWN,UNKNOWN,
sample_0435,images/beamage_Friday_February_28_2025_20_27_40.png,laser_resonator_subset_v1,UNKNOWN,UNKNOWN,UNKNOWN,UNKNOWN,UNKNOWN,UNKNOWN,UNKNOWN,UNKNOWN,UNKNOWN,UNKNOWN,
sample_0436,images/beamage_Friday_February_28_2025_20_29_40.png,laser_resonator_subset_v1,UNKNOWN,UNKNOWN,UNKNOWN,UNKNOWN,UNKNOWN,UNKNOWN,UNKNOWN,UNKNOWN,UNKNOWN,UNKNOWN,
sample_0437,images/beamage_Friday_February_28_2025_20_31_40.png,laser_resonator_subset_v1,UNKNOWN,UNKNOWN,UNKNOWN,UNKNOWN,UNKNOWN,UNKNOWN,UNKNOWN,UNKNOWN,UNKNOWN,UNKNOWN,
sample_0438,images/beamage_Friday_February_28_2025_20_33_40.png,laser_resonator_subset_v1,UNKNOWN,UNKNOWN,UNKNOWN,UNKNOWN,UNKNOWN,UNKNOWN,UNKNOWN,UNKNOWN,UNKNOWN,UNKNOWN,
sample_0439,images/beamage_Friday_February_28_2025_20_35_41.png,laser_resonator_subset_v1,UNKNOWN,UNKNOWN,UNKNOWN,UNKNOWN,UNKNOWN,UNKNOWN,UNKNOWN,UNKNOWN,UNKNOWN,UNKNOWN,
sample_0440,images/beamage_Friday_February_28_2025_20_42_01.png,laser_resonator_subset_v1,UNKNOWN,UNKNOWN,UNKNOWN,UNKNOWN,UNKNOWN,UNKNOWN,UNKNOWN,UNKNOWN,UNKNOWN,UNKNOWN,
sample_0441,images/beamage_Friday_February_28_2025_20_44_01.png,laser_resonator_subset_v1,UNKNOWN,UNKNOWN,UNKNOWN,UNKNOWN,UNKNOWN,UNKNOWN,UNKNOWN,UNKNOWN,UNKNOWN,UNKNOWN,
sample_0442,images/beamage_Friday_February_28_2025_20_46_01.png,laser_resonator_subset_v1,UNKNOWN,UNKNOWN,UNKNOWN,UNKNOWN,UNKNOWN,UNKNOWN,UNKNOWN,UNKNOWN,UNKNOWN,UNKNOWN,
sample_0443,images/beamage_Friday_February_28_2025_20_48_02.png,laser_resonator_subset_v1,UNKNOWN,UNKNOWN,UNKNOWN,UNKNOWN,UNKNOWN,UNKNOWN,UNKNOWN,UNKNOWN,UNKNOWN,UNKNOWN,
sample_0444,images/beamage_Friday_February_28_2025_20_50_02.png,laser_resonator_subset_v1,UNKNOWN,UNKNOWN,UNKNOWN,UNKNOWN,UNKNOWN,UNKNOWN,UNKNOWN,UNKNOWN,UNKNOWN,UNKNOWN,
sample_0445,images/beamage_Friday_February_28_2025_20_52_02.png,laser_resonator_subset_v1,UNKNOWN,UNKNOWN,UNKNOWN,UNKNOWN,UNKNOWN,UNKNOWN,UNKNOWN,UNKNOWN,UNKNOWN,UNKNOWN,
sample_0446,images/beamage_Friday_February_28_2025_20_54_02.png,laser_resonator_subset_v1,UNKNOWN,UNKNOWN,UNKNOWN,UNKNOWN,UNKNOWN,UNKNOWN,UNKNOWN,UNKNOWN,UNKNOWN,UNKNOWN,
sample_0447,images/beamage_Friday_February_28_2025_20_56_03.png,laser_resonator_subset_v1,UNKNOWN,UNKNOWN,UNKNOWN,UNKNOWN,UNKNOWN,UNKNOWN,UNKNOWN,UNKNOWN,UNKNOWN,UNKNOWN,
sample_0448,images/beamage_Friday_February_28_2025_20_58_03.png,laser_resonator_subset_v1,UNKNOWN,UNKNOWN,UNKNOWN,UNKNOWN,UNKNOWN,UNKNOWN,UNKNOWN,UNKNOWN,UNKNOWN,UNKNOWN,
sample_0449,images/beamage_Friday_February_28_2025_21_00_03.png,laser_resonator_subset_v1,UNKNOWN,UNKNOWN,UNKNOWN,UNKNOWN,UNKNOWN,UNKNOWN,UNKNOWN,UNKNOWN,UNKNOWN,UNKNOWN,
sample_0450,images/beamage_Friday_February_28_2025_21_02_23.png,laser_resonator_subset_v1,UNKNOWN,UNKNOWN,UNKNOWN,UNKNOWN,UNKNOWN,UNKNOWN,UNKNOWN,UNKNOWN,UNKNOWN,UNKNOWN,
sample_0451,images/beamage_Friday_February_28_2025_21_04_23.png,laser_resonator_subset_v1,UNKNOWN,UNKNOWN,UNKNOWN,UNKNOWN,UNKNOWN,UNKNOWN,UNKNOWN,UNKNOWN,UNKNOWN,UNKNOWN,
sample_0452,images/beamage_Friday_February_28_2025_21_06_23.png,laser_resonator_subset_v1,UNKNOWN,UNKNOWN,UNKNOWN,UNKNOWN,UNKNOWN,UNKNOWN,UNKNOWN,UNKNOWN,UNKNOWN,UNKNOWN,
sample_0453,images/beamage_Friday_February_28_2025_21_08_24.png,laser_resonator_subset_v1,UNKNOWN,UNKNOWN,UNKNOWN,UNKNOWN,UNKNOWN,UNKNOWN,UNKNOWN,UNKNOWN,UNKNOWN,UNKNOWN,
sample_0454,images/beamage_Friday_February_28_2025_21_10_24.png,laser_resonator_subset_v1,UNKNOWN,UNKNOWN,UNKNOWN,UNKNOWN,UNKNOWN,UNKNOWN,UNKNOWN,UNKNOWN,UNKNOWN,UNKNOWN,
sample_0455,images/beamage_Friday_February_28_2025_21_12_24.png,laser_resonator_subset_v1,UNKNOWN,UNKNOWN,UNKNOWN,UNKNOWN,UNKNOWN,UNKNOWN,UNKNOWN,UNKNOWN,UNKNOWN,UNKNOWN,
sample_0456,images/beamage_Friday_February_28_2025_21_14_25.png,laser_resonator_subset_v1,UNKNOWN,UNKNOWN,UNKNOWN,UNKNOWN,UNKNOWN,UNKNOWN,UNKNOWN,UNKNOWN,UNKNOWN,UNKNOWN,
sample_0457,images/beamage_Friday_February_28_2025_21_16_25.png,laser_resonator_subset_v1,UNKNOWN,UNKNOWN,UNKNOWN,UNKNOWN,UNKNOWN,UNKNOWN,UNKNOWN,UNKNOWN,UNKNOWN,UNKNOWN,
sample_0458,images/beamage_Friday_February_28_2025_21_18_25.png,laser_resonator_subset_v1,UNKNOWN,UNKNOWN,UNKNOWN,UNKNOWN,UNKNOWN,UNKNOWN,UNKNOWN,UNKNOWN,UNKNOWN,UNKNOWN,
sample_0459,images/beamage_Friday_February_28_2025_21_20_25.png,laser_resonator_subset_v1,UNKNOWN,UNKNOWN,UNKNOWN,UNKNOWN,UNKNOWN,UNKNOWN,UNKNOWN,UNKNOWN,UNKNOWN,UNKNOWN,
sample_0460,images/beamage_Friday_February_28_2025_21_22_26.png,laser_resonator_subset_v1,UNKNOWN,UNKNOWN,UNKNOWN,UNKNOWN,UNKNOWN,UNKNOWN,UNKNOWN,UNKNOWN,UNKNOWN,UNKNOWN,
sample_0461,images/beamage_Friday_February_28_2025_21_24_45.png,laser_resonator_subset_v1,UNKNOWN,UNKNOWN,UNKNOWN,UNKNOWN,UNKNOWN,UNKNOWN,UNKNOWN,UNKNOWN,UNKNOWN,UNKNOWN,
sample_0462,images/beamage_Friday_February_28_2025_21_26_46.png,laser_resonator_subset_v1,UNKNOWN,UNKNOWN,UNKNOWN,UNKNOWN,UNKNOWN,UNKNOWN,UNKNOWN,UNKNOWN,UNKNOWN,UNKNOWN,
sample_0463,images/beamage_Friday_February_28_2025_21_28_46.png,laser_resonator_subset_v1,UNKNOWN,UNKNOWN,UNKNOWN,UNKNOWN,UNKNOWN,UNKNOWN,UNKNOWN,UNKNOWN,UNKNOWN,UNKNOWN,
sample_0464,images/beamage_Friday_February_28_2025_21_30_46.png,laser_resonator_subset_v1,UNKNOWN,UNKNOWN,UNKNOWN,UNKNOWN,UNKNOWN,UNKNOWN,UNKNOWN,UNKNOWN,UNKNOWN,UNKNOWN,
sample_0465,images/beamage_Friday_February_28_2025_21_32_46.png,laser_resonator_subset_v1,UNKNOWN,UNKNOWN,UNKNOWN,UNKNOWN,UNKNOWN,UNKNOWN,UNKNOWN,UNKNOWN,UNKNOWN,UNKNOWN,
sample_0466,images/beamage_Friday_February_28_2025_21_34_47.png,laser_resonator_subset_v1,UNKNOWN,UNKNOWN,UNKNOWN,UNKNOWN,UNKNOWN,UNKNOWN,UNKNOWN,UNKNOWN,UNKNOWN,UNKNOWN,
sample_0467,images/beamage_Friday_February_28_2025_21_36_47.png,laser_resonator_subset_v1,UNKNOWN,UNKNOWN,UNKNOWN,UNKNOWN,UNKNOWN,UNKNOWN,UNKNOWN,UNKNOWN,UNKNOWN,UNKNOWN,
sample_0468,images/beamage_Friday_February_28_2025_21_38_47.png,laser_resonator_subset_v1,UNKNOWN,UNKNOWN,UNKNOWN,UNKNOWN,UNKNOWN,UNKNOWN,UNKNOWN,UNKNOWN,UNKNOWN,UNKNOWN,
sample_0469,images/beamage_Friday_March_07_2025_15_29_47.png,laser_resonator_subset_v1,UNKNOWN,UNKNOWN,UNKNOWN,UNKNOWN,UNKNOWN,UNKNOWN,UNKNOWN,UNKNOWN,UNKNOWN,UNKNOWN,
sample_0470,images/beamage_Friday_March_07_2025_15_31_48.png,laser_resonator_subset_v1,UNKNOWN,UNKNOWN,UNKNOWN,UNKNOWN,UNKNOWN,UNKNOWN,UNKNOWN,UNKNOWN,UNKNOWN,UNKNOWN,
sample_0471,images/beamage_Friday_March_07_2025_15_33_48.png,laser_resonator_subset_v1,UNKNOWN,UNKNOWN,UNKNOWN,UNKNOWN,UNKNOWN,UNKNOWN,UNKNOWN,UNKNOWN,UNKNOWN,UNKNOWN,
sample_0472,images/beamage_Friday_March_07_2025_15_37_49.png,laser_resonator_subset_v1,UNKNOWN,UNKNOWN,UNKNOWN,UNKNOWN,UNKNOWN,UNKNOWN,UNKNOWN,UNKNOWN,UNKNOWN,UNKNOWN,
sample_0473,images/beamage_Friday_March_07_2025_15_39_49.png,laser_resonator_subset_v1,UNKNOWN,UNKNOWN,UNKNOWN,UNKNOWN,UNKNOWN,UNKNOWN,UNKNOWN,UNKNOWN,UNKNOWN,UNKNOWN,
sample_0474,images/beamage_Friday_March_07_2025_15_41_50.png,laser_resonator_subset_v1,UNKNOWN,UNKNOWN,UNKNOWN,UNKNOWN,UNKNOWN,UNKNOWN,UNKNOWN,UNKNOWN,UNKNOWN,UNKNOWN,
sample_0475,images/beamage_Friday_March_07_2025_15_43_50.png,laser_resonator_subset_v1,UNKNOWN,UNKNOWN,UNKNOWN,UNKNOWN,UNKNOWN,UNKNOWN,UNKNOWN,UNKNOWN,UNKNOWN,UNKNOWN,
sample_0476,images/beamage_Friday_March_07_2025_15_50_10.png,laser_resonator_subset_v1,UNKNOWN,UNKNOWN,UNKNOWN,UNKNOWN,UNKNOWN,UNKNOWN,UNKNOWN,UNKNOWN,UNKNOWN,UNKNOWN,
sample_0477,images/beamage_Friday_March_07_2025_15_52_11.png,laser_resonator_subset_v1,UNKNOWN,UNKNOWN,UNKNOWN,UNKNOWN,UNKNOWN,UNKNOWN,UNKNOWN,UNKNOWN,UNKNOWN,UNKNOWN,
sample_0478,images/beamage_Friday_March_07_2025_15_54_11.png,laser_resonator_subset_v1,UNKNOWN,UNKNOWN,UNKNOWN,UNKNOWN,UNKNOWN,UNKNOWN,UNKNOWN,UNKNOWN,UNKNOWN,UNKNOWN,
sample_0479,images/beamage_Friday_March_07_2025_15_56_11.png,laser_resonator_subset_v1,UNKNOWN,UNKNOWN,UNKNOWN,UNKNOWN,UNKNOWN,UNKNOWN,UNKNOWN,UNKNOWN,UNKNOWN,UNKNOWN,
sample_0480,images/beamage_Friday_March_07_2025_15_58_12.png,laser_resonator_subset_v1,UNKNOWN,UNKNOWN,UNKNOWN,UNKNOWN,UNKNOWN,UNKNOWN,UNKNOWN,UNKNOWN,UNKNOWN,UNKNOWN,
sample_0481,images/beamage_Friday_March_07_2025_16_00_12.png,laser_resonator_subset_v1,UNKNOWN,UNKNOWN,UNKNOWN,UNKNOWN,UNKNOWN,UNKNOWN,UNKNOWN,UNKNOWN,UNKNOWN,UNKNOWN,
sample_0482,images/beamage_Friday_March_07_2025_16_02_12.png,laser_resonator_subset_v1,UNKNOWN,UNKNOWN,UNKNOWN,UNKNOWN,UNKNOWN,UNKNOWN,UNKNOWN,UNKNOWN,UNKNOWN,UNKNOWN,
sample_0483,images/beamage_Friday_March_07_2025_16_04_12.png,laser_resonator_subset_v1,UNKNOWN,UNKNOWN,UNKNOWN,UNKNOWN,UNKNOWN,UNKNOWN,UNKNOWN,UNKNOWN,UNKNOWN,UNKNOWN,
sample_0484,images/beamage_Friday_March_07_2025_16_06_13.png,laser_resonator_subset_v1,UNKNOWN,UNKNOWN,UNKNOWN,UNKNOWN,UNKNOWN,UNKNOWN,UNKNOWN,UNKNOWN,UNKNOWN,UNKNOWN,
sample_0485,images/beamage_Friday_March_07_2025_16_12_33.png,laser_resonator_subset_v1,UNKNOWN,UNKNOWN,UNKNOWN,UNKNOWN,UNKNOWN,UNKNOWN,UNKNOWN,UNKNOWN,UNKNOWN,UNKNOWN,
sample_0486,images/beamage_Friday_March_07_2025_16_14_33.png,laser_resonator_subset_v1,UNKNOWN,UNKNOWN,UNKNOWN,UNKNOWN,UNKNOWN,UNKNOWN,UNKNOWN,UNKNOWN,UNKNOWN,UNKNOWN,
sample_0487,images/beamage_Friday_March_07_2025_16_16_34.png,laser_resonator_subset_v1,UNKNOWN,UNKNOWN,UNKNOWN,UNKNOWN,UNKNOWN,UNKNOWN,UNKNOWN,UNKNOWN,UNKNOWN,UNKNOWN,
sample_0488,images/beamage_Friday_March_07_2025_16_18_34.png,laser_resonator_subset_v1,UNKNOWN,UNKNOWN,UNKNOWN,UNKNOWN,UNKNOWN,UNKNOWN,UNKNOWN,UNKNOWN,UNKNOWN,UNKNOWN,
sample_0489,images/beamage_Friday_March_07_2025_16_20_34.png,laser_resonator_subset_v1,UNKNOWN,UNKNOWN,UNKNOWN,UNKNOWN,UNKNOWN,UNKNOWN,UNKNOWN,UNKNOWN,UNKNOWN,UNKNOWN,
sample_0490,images/beamage_Friday_March_07_2025_16_22_35.png,laser_resonator_subset_v1,UNKNOWN,UNKNOWN,UNKNOWN,UNKNOWN,UNKNOWN,UNKNOWN,UNKNOWN,UNKNOWN,UNKNOWN,UNKNOWN,
sample_0491,images/beamage_Friday_March_07_2025_16_24_35.png,laser_resonator_subset_v1,UNKNOWN,UNKNOWN,UNKNOWN,UNKNOWN,UNKNOWN,UNKNOWN,UNKNOWN,UNKNOWN,UNKNOWN,UNKNOWN,
sample_0492,images/beamage_Friday_March_07_2025_16_26_35.png,laser_resonator_subset_v1,UNKNOWN,UNKNOWN,UNKNOWN,UNKNOWN,UNKNOWN,UNKNOWN,UNKNOWN,UNKNOWN,UNKNOWN,UNKNOWN,
sample_0493,images/beamage_Friday_March_07_2025_16_32_56.png,laser_resonator_subset_v1,UNKNOWN,UNKNOWN,UNKNOWN,UNKNOWN,UNKNOWN,UNKNOWN,UNKNOWN,UNKNOWN,UNKNOWN,UNKNOWN,
sample_0494,images/beamage_Friday_March_07_2025_16_34_56.png,laser_resonator_subset_v1,UNKNOWN,UNKNOWN,UNKNOWN,UNKNOWN,UNKNOWN,UNKNOWN,UNKNOWN,UNKNOWN,UNKNOWN,UNKNOWN,
sample_0495,images/beamage_Friday_March_07_2025_16_36_56.png,laser_resonator_subset_v1,UNKNOWN,UNKNOWN,UNKNOWN,UNKNOWN,UNKNOWN,UNKNOWN,UNKNOWN,UNKNOWN,UNKNOWN,UNKNOWN,
sample_0496,images/beamage_Friday_March_07_2025_16_38_57.png,laser_resonator_subset_v1,UNKNOWN,UNKNOWN,UNKNOWN,UNKNOWN,UNKNOWN,UNKNOWN,UNKNOWN,UNKNOWN,UNKNOWN,UNKNOWN,
sample_0497,images/beamage_Friday_March_07_2025_16_40_57.png,laser_resonator_subset_v1,UNKNOWN,UNKNOWN,UNKNOWN,UNKNOWN,UNKNOWN,UNKNOWN,UNKNOWN,UNKNOWN,UNKNOWN,UNKNOWN,
sample_0498,images/beamage_Friday_March_07_2025_16_42_58.png,laser_resonator_subset_v1,UNKNOWN,UNKNOWN,UNKNOWN,UNKNOWN,UNKNOWN,UNKNOWN,UNKNOWN,UNKNOWN,UNKNOWN,UNKNOWN,
sample_0499,images/beamage_Friday_March_07_2025_16_44_58.png,laser_resonator_subset_v1,UNKNOWN,UNKNOWN,UNKNOWN,UNKNOWN,UNKNOWN,UNKNOWN,UNKNOWN,UNKNOWN,UNKNOWN,UNKNOWN,
sample_0500,images/beamage_Friday_March_07_2025_16_46_58.png,laser_resonator_subset_v1,UNKNOWN,UNKNOWN,UNKNOWN,UNKNOWN,UNKNOWN,UNKNOWN,UNKNOWN,UNKNOWN,UNKNOWN,UNKNOWN,
